GTS_USER_TRAINING_ID,GTS_TRAINER_ID,GTS_TRAINER_RATINGS,GTS_TRAINING_START_DATE,GTS_TRAINING_END_DATE,GTS_TRAINING_FEES,GTS_USER_TRAINING_CERTIFICATE_ISSUED,GTS_USER_TRAINING_TYPE,GTS_TRAINING_ID,GTS_USER_ID
1,781,1,5/27/2024,8/13/2024,17293,TRUE,Offline,476,176
2,576,5,09-07-2023,11-05-2023,6397,TRUE,Online,193,97
3,181,4,8/20/2024,9/19/2024,14596,TRUE,Offline,452,940
4,778,3,12-08-2023,1/16/2024,8573,TRUE,Hybrid,508,908
5,854,5,1/21/2024,2/29/2024,18573,TRUE,Offline,699,340
6,214,1,3/29/2023,6/16/2023,11385,FALSE,Hybrid,734,707
7,41,2,1/16/2025,3/16/2025,19283,FALSE,Offline,419,310
8,762,3,11-10-2023,1/25/2024,10868,FALSE,Online,336,394
9,875,1,04-02-2023,5/20/2023,8229,TRUE,Online,662,454
10,638,2,12/27/2023,3/25/2024,11568,FALSE,Offline,329,507
11,4,5,10-06-2023,11/25/2023,14680,FALSE,Online,888,24
12,830,1,02-06-2025,04-03-2025,10896,TRUE,Hybrid,416,521
13,786,3,05-06-2023,06-10-2023,8569,TRUE,Online,502,212
14,518,5,1/26/2023,2/28/2023,14745,TRUE,Hybrid,192,569
15,678,3,08-07-2023,10-04-2023,5459,FALSE,Hybrid,118,769
16,56,4,3/29/2025,06-02-2025,15066,TRUE,Hybrid,11,233
17,465,5,08-11-2023,9/16/2023,13625,FALSE,Offline,294,586
18,5,5,10/28/2024,01-09-2025,5054,FALSE,Online,957,698
19,449,2,8/19/2023,9/18/2023,19834,FALSE,Hybrid,681,230
20,675,5,3/27/2024,05-11-2024,8280,FALSE,Online,916,56
21,274,3,2/17/2025,4/20/2025,11367,FALSE,Online,946,917
22,348,2,10/20/2023,12-08-2023,9950,FALSE,Offline,845,887
23,961,1,6/21/2023,7/29/2023,7797,FALSE,Hybrid,994,996
24,450,5,2/15/2023,5/14/2023,10831,FALSE,Offline,647,213
25,361,5,6/18/2024,8/15/2024,10077,FALSE,Offline,388,942
26,750,2,4/20/2024,7/13/2024,11521,FALSE,Offline,149,941
27,642,1,1/23/2023,03-05-2023,11453,FALSE,Online,889,43
28,225,4,03-09-2023,05-12-2023,14421,TRUE,Online,454,487
29,334,2,02-08-2024,4/25/2024,5221,FALSE,Offline,465,769
30,948,1,03-06-2023,04-06-2023,8408,FALSE,Online,598,498
31,814,2,8/29/2023,10/17/2023,12129,TRUE,Offline,287,357
32,845,1,3/14/2023,05-02-2023,19508,FALSE,Online,450,911
33,891,3,8/19/2023,11-12-2023,5602,TRUE,Hybrid,704,20
34,656,4,06-03-2024,8/16/2024,13399,FALSE,Online,861,237
35,72,3,3/15/2025,5/26/2025,19736,FALSE,Hybrid,674,564
36,90,2,4/23/2024,7/17/2024,6264,FALSE,Hybrid,777,977
37,677,3,1/14/2025,03-03-2025,18822,TRUE,Hybrid,19,552
38,648,2,12-07-2023,1/29/2024,16928,FALSE,Online,413,669
39,373,4,03-10-2025,06-03-2025,15579,TRUE,Offline,896,469
40,989,2,11/19/2023,01-05-2024,10411,FALSE,Online,842,337
41,896,1,04-08-2023,6/18/2023,6877,TRUE,Online,133,298
42,52,4,12/16/2023,03-08-2024,6053,FALSE,Offline,647,898
43,613,2,6/24/2024,9/20/2024,10756,FALSE,Offline,77,413
44,995,4,08-08-2023,10-11-2023,10510,TRUE,Offline,78,389
45,956,3,10/28/2024,12/24/2024,6682,FALSE,Hybrid,678,545
46,390,1,10-12-2024,11/13/2024,5203,FALSE,Hybrid,355,828
47,722,3,04-02-2024,6/15/2024,9257,TRUE,Online,218,618
48,654,3,2/26/2025,4/15/2025,13322,FALSE,Online,649,577
49,53,5,12-04-2024,02-08-2025,17847,FALSE,Offline,806,399
50,519,1,3/27/2023,4/30/2023,7432,FALSE,Hybrid,284,946
51,421,5,2/18/2023,4/22/2023,14139,FALSE,Offline,613,386
52,596,1,02-12-2024,3/29/2024,11660,TRUE,Hybrid,891,519
53,274,2,5/19/2023,6/29/2023,12063,FALSE,Hybrid,602,572
54,888,4,6/16/2023,7/16/2023,6705,FALSE,Online,742,23
55,524,2,12-03-2023,01-08-2024,15891,TRUE,Offline,346,416
56,389,2,7/25/2023,10/17/2023,7904,TRUE,Hybrid,799,415
57,364,3,10/25/2024,1/22/2025,8738,FALSE,Online,330,654
58,864,3,11-08-2024,1/18/2025,10721,FALSE,Online,166,993
59,973,2,1/18/2023,04-06-2023,15508,FALSE,Offline,668,100
60,661,2,11-09-2023,02-05-2024,5664,TRUE,Online,73,938
61,999,1,02-02-2023,04-02-2023,9073,FALSE,Offline,546,897
62,841,5,11-03-2023,12/15/2023,12943,FALSE,Hybrid,726,865
63,406,1,10-09-2024,01-05-2025,14079,TRUE,Hybrid,816,828
64,612,5,2/14/2023,3/31/2023,9188,TRUE,Online,427,261
65,935,1,12/13/2024,1/24/2025,14043,TRUE,Online,6,115
66,934,1,12/29/2024,03-07-2025,6622,TRUE,Online,259,947
67,770,1,4/30/2024,06-12-2024,19939,TRUE,Offline,431,355
68,939,3,05-07-2023,6/21/2023,12915,FALSE,Hybrid,734,510
69,740,5,3/19/2024,06-09-2024,14389,TRUE,Hybrid,364,986
70,629,4,09-04-2024,11/17/2024,9488,TRUE,Online,9,259
71,558,5,10/28/2023,01-08-2024,9484,TRUE,Online,992,179
72,621,1,6/13/2023,7/23/2023,10152,TRUE,Online,990,370
73,345,1,11/29/2023,02-08-2024,11171,TRUE,Online,531,124
74,864,2,06-03-2023,07-10-2023,11395,TRUE,Hybrid,209,323
75,24,2,01-03-2024,3/19/2024,6776,FALSE,Hybrid,285,782
76,489,1,1/20/2023,04-05-2023,17371,TRUE,Offline,809,354
77,19,4,6/28/2023,09-08-2023,18219,TRUE,Offline,146,589
78,124,5,5/17/2023,08-12-2023,15277,TRUE,Hybrid,808,625
79,455,1,10-06-2024,12-11-2024,17017,TRUE,Hybrid,921,491
80,837,1,11/18/2023,01-09-2024,5527,FALSE,Online,682,100
81,923,2,03-11-2024,4/29/2024,5997,TRUE,Offline,946,218
82,961,3,6/24/2023,8/26/2023,15875,TRUE,Offline,133,702
83,527,2,02-01-2025,04-03-2025,16827,TRUE,Offline,252,703
84,685,5,06-11-2023,09-03-2023,12276,FALSE,Offline,591,180
85,370,3,7/24/2024,9/13/2024,6567,FALSE,Hybrid,818,557
86,24,5,5/25/2024,7/13/2024,16822,TRUE,Online,575,887
87,974,4,10-11-2024,12/26/2024,10668,TRUE,Online,877,345
88,506,5,10/27/2024,12/29/2024,14541,TRUE,Online,359,841
89,829,5,07-06-2023,08-12-2023,17339,TRUE,Online,957,578
90,429,1,02-07-2025,3/28/2025,5235,FALSE,Offline,951,403
91,6,4,07-11-2024,9/17/2024,16418,TRUE,Offline,489,295
92,306,4,06-02-2023,8/17/2023,15583,TRUE,Hybrid,745,14
93,837,4,8/15/2023,9/21/2023,13899,FALSE,Online,74,113
94,605,5,02-10-2024,3/24/2024,8634,TRUE,Online,363,219
95,638,5,12/20/2024,2/13/2025,8273,TRUE,Online,647,504
96,353,1,5/29/2024,8/20/2024,13044,FALSE,Online,468,892
97,863,2,8/21/2023,10-12-2023,12746,FALSE,Online,912,792
98,540,4,9/30/2023,11/18/2023,13543,TRUE,Offline,397,76
99,139,4,5/22/2024,8/13/2024,19316,TRUE,Online,549,973
100,900,2,01-04-2023,03-03-2023,13332,TRUE,Offline,132,159
101,786,5,5/16/2023,7/23/2023,6285,TRUE,Hybrid,981,185
102,755,4,02-08-2024,04-10-2024,15126,TRUE,Online,878,8
103,119,1,11-05-2023,01-08-2024,14291,FALSE,Hybrid,444,858
104,432,3,12-09-2024,01-08-2025,12451,TRUE,Offline,66,163
105,117,5,4/13/2024,5/15/2024,10708,TRUE,Hybrid,346,94
106,805,1,02-10-2023,04-09-2023,11476,TRUE,Hybrid,318,660
107,856,3,01-04-2023,02-04-2023,10985,FALSE,Hybrid,610,899
108,747,1,02-06-2025,05-06-2025,14241,FALSE,Online,907,702
109,745,3,12/23/2024,02-09-2025,9484,FALSE,Hybrid,678,408
110,675,4,1/20/2023,3/30/2023,18287,FALSE,Hybrid,899,122
111,887,1,3/21/2024,4/20/2024,14996,FALSE,Online,328,738
112,896,4,10-07-2023,11/30/2023,10707,FALSE,Offline,801,277
113,659,4,5/14/2023,08-05-2023,12831,TRUE,Offline,380,67
114,825,2,4/28/2024,7/17/2024,11024,TRUE,Offline,245,396
115,107,5,5/29/2023,8/19/2023,12902,TRUE,Hybrid,527,566
116,849,5,4/17/2023,5/24/2023,9677,FALSE,Hybrid,690,404
117,466,5,2/26/2023,5/18/2023,18797,TRUE,Hybrid,854,821
118,431,3,11-07-2024,1/30/2025,8579,TRUE,Online,461,52
119,810,2,10-06-2023,11/29/2023,12739,TRUE,Online,263,15
120,975,2,11/15/2023,1/26/2024,10365,FALSE,Hybrid,851,954
121,196,5,4/21/2023,06-11-2023,17057,FALSE,Online,3,330
122,123,3,8/26/2023,11/17/2023,17252,TRUE,Hybrid,791,324
123,78,4,03-07-2025,05-01-2025,8411,FALSE,Hybrid,245,59
124,116,5,1/28/2024,04-11-2024,7509,TRUE,Online,862,230
125,773,4,9/17/2024,12-10-2024,9594,TRUE,Offline,659,584
126,857,5,08-03-2023,9/14/2023,15271,TRUE,Online,856,76
127,438,4,12/13/2023,03-06-2024,17310,FALSE,Offline,807,442
128,21,2,07-09-2023,10-03-2023,11853,FALSE,Offline,541,202
129,529,2,2/28/2023,5/17/2023,18425,FALSE,Hybrid,887,322
130,666,3,05-07-2023,7/30/2023,8149,FALSE,Online,679,401
131,28,4,03-04-2024,5/14/2024,12916,FALSE,Hybrid,944,755
132,449,3,07-10-2024,09-02-2024,7956,FALSE,Hybrid,689,836
133,114,4,11-01-2024,01-07-2025,16102,TRUE,Offline,941,316
134,453,4,2/22/2024,3/30/2024,12882,FALSE,Offline,689,508
135,258,3,02-05-2023,4/28/2023,13992,TRUE,Offline,494,463
136,852,5,10/26/2023,12-08-2023,9726,FALSE,Hybrid,848,484
137,436,2,7/20/2023,09-11-2023,16714,FALSE,Hybrid,329,664
138,2,3,06-03-2023,8/30/2023,18694,TRUE,Online,736,916
139,865,4,12-10-2023,2/25/2024,9922,TRUE,Hybrid,117,353
140,926,2,5/22/2023,07-02-2023,11461,FALSE,Offline,968,802
141,297,3,12-10-2024,1/27/2025,6529,FALSE,Offline,292,430
142,674,2,2/14/2023,04-02-2023,11447,FALSE,Offline,614,258
143,3,2,4/22/2023,6/15/2023,12219,FALSE,Hybrid,600,997
144,660,3,09-05-2023,11/22/2023,15241,FALSE,Offline,985,567
145,661,3,2/15/2025,04-09-2025,11953,TRUE,Hybrid,919,537
146,955,3,5/31/2023,07-11-2023,6583,TRUE,Offline,51,201
147,477,4,07-01-2023,08-10-2023,5656,FALSE,Online,485,837
148,717,4,1/30/2023,03-04-2023,17437,TRUE,Hybrid,884,938
149,591,4,04-11-2023,6/14/2023,17147,TRUE,Online,240,690
150,88,1,12-11-2024,02-06-2025,17476,TRUE,Offline,27,588
151,689,3,08-03-2024,10/22/2024,10803,FALSE,Online,240,445
152,248,2,01-05-2024,3/28/2024,12219,FALSE,Offline,49,795
153,835,5,04-11-2023,5/22/2023,12821,TRUE,Hybrid,789,725
154,539,1,2/24/2023,04-05-2023,18048,TRUE,Online,381,728
155,76,5,09-01-2023,10/18/2023,6887,TRUE,Offline,267,743
156,108,4,11/16/2024,12/31/2024,11797,TRUE,Hybrid,613,462
157,866,5,2/23/2024,05-12-2024,18874,FALSE,Online,483,521
158,244,1,11-11-2023,12/24/2023,5260,FALSE,Offline,646,771
159,827,2,11/22/2023,1/27/2024,12233,FALSE,Online,278,655
160,153,2,10/13/2024,11/26/2024,17065,FALSE,Hybrid,464,73
161,235,4,11/19/2023,1/13/2024,18436,TRUE,Online,856,674
162,294,4,12/21/2024,03-11-2025,12909,TRUE,Online,387,641
163,693,2,9/19/2024,10/21/2024,16122,TRUE,Hybrid,250,29
164,668,5,08-01-2023,10-04-2023,7835,TRUE,Hybrid,479,844
165,104,4,1/22/2024,04-04-2024,17667,TRUE,Hybrid,353,426
166,937,1,04-11-2023,5/13/2023,5661,TRUE,Online,765,424
167,297,2,12-10-2024,03-06-2025,6565,TRUE,Online,794,378
168,804,1,11/30/2024,02-09-2025,5993,FALSE,Offline,975,448
169,728,5,3/29/2025,6/15/2025,14930,TRUE,Online,415,979
170,609,1,11/21/2024,1/14/2025,12624,FALSE,Offline,220,100
171,279,3,9/15/2024,10/24/2024,12961,TRUE,Offline,711,397
172,861,5,4/26/2023,06-01-2023,14764,FALSE,Online,292,289
173,963,5,3/31/2023,06-11-2023,8820,FALSE,Offline,13,539
174,205,3,3/20/2024,4/23/2024,16604,FALSE,Hybrid,31,836
175,713,4,11/16/2024,1/21/2025,18808,TRUE,Online,651,348
176,976,3,1/21/2024,3/20/2024,16227,TRUE,Online,976,622
177,749,5,01-12-2023,03-03-2023,12246,FALSE,Online,727,75
178,345,1,5/14/2024,7/22/2024,11506,FALSE,Online,24,878
179,12,5,11/26/2024,12/27/2024,16236,FALSE,Hybrid,234,279
180,870,3,5/15/2023,8/13/2023,13242,TRUE,Hybrid,667,858
181,899,1,8/15/2024,9/25/2024,9809,TRUE,Hybrid,870,853
182,565,1,02-03-2024,3/22/2024,16912,FALSE,Hybrid,769,27
183,2,1,04-10-2024,5/16/2024,5401,FALSE,Offline,591,578
184,757,1,01-04-2025,03-09-2025,9849,TRUE,Online,477,731
185,62,5,05-09-2023,07-12-2023,9397,FALSE,Offline,417,491
186,265,5,5/17/2024,07-08-2024,9474,FALSE,Offline,650,425
187,156,5,9/28/2023,11-08-2023,10216,FALSE,Online,825,487
188,836,4,9/15/2023,11/28/2023,6017,FALSE,Hybrid,173,226
189,383,3,03-02-2023,5/22/2023,19561,FALSE,Offline,200,696
190,445,5,10-08-2023,11/26/2023,18261,TRUE,Online,104,20
191,415,3,12-03-2024,02-06-2025,9716,TRUE,Online,714,444
192,786,5,3/29/2023,5/24/2023,8520,TRUE,Online,79,227
193,886,4,03-11-2023,06-08-2023,15464,FALSE,Online,936,670
194,332,1,03-09-2023,5/27/2023,6985,FALSE,Hybrid,890,173
195,848,4,11/27/2023,1/19/2024,5701,TRUE,Offline,752,383
196,13,4,3/23/2025,6/17/2025,9573,TRUE,Hybrid,237,973
197,246,2,6/30/2024,7/31/2024,7212,TRUE,Offline,20,283
198,54,3,10-10-2024,11/16/2024,14082,FALSE,Offline,386,400
199,194,3,04-02-2023,6/29/2023,15078,FALSE,Hybrid,281,73
200,342,1,4/16/2023,5/22/2023,14740,TRUE,Offline,364,829
201,2,1,4/22/2024,6/17/2024,13644,FALSE,Hybrid,544,988
202,209,3,8/14/2024,10-04-2024,5661,FALSE,Hybrid,803,33
203,720,4,1/23/2025,4/23/2025,5059,TRUE,Offline,488,28
204,630,4,01-10-2025,03-05-2025,15261,FALSE,Online,756,539
205,953,2,5/20/2024,6/25/2024,7363,TRUE,Online,974,693
206,192,1,11/15/2024,1/25/2025,10442,TRUE,Hybrid,292,467
207,505,5,9/13/2024,11/19/2024,19626,TRUE,Hybrid,49,64
208,259,1,2/21/2024,5/17/2024,19597,TRUE,Offline,24,917
209,262,5,10-11-2023,11/14/2023,6918,FALSE,Hybrid,292,30
210,180,2,8/28/2023,10/21/2023,15058,FALSE,Offline,793,6
211,357,5,3/17/2025,4/27/2025,5264,FALSE,Online,211,26
212,944,2,03-03-2025,4/24/2025,18314,TRUE,Online,385,778
213,670,1,3/23/2025,5/29/2025,15755,TRUE,Online,812,407
214,239,3,01-11-2024,3/27/2024,16878,FALSE,Hybrid,942,594
215,271,1,1/29/2024,03-11-2024,14762,FALSE,Offline,234,606
216,43,4,08-11-2024,10-10-2024,14371,TRUE,Hybrid,50,990
217,716,5,3/18/2024,6/14/2024,17530,TRUE,Offline,475,839
218,198,1,1/23/2023,04-09-2023,13223,TRUE,Hybrid,203,1
219,698,5,08-06-2023,10/23/2023,13558,FALSE,Offline,367,631
220,823,1,11/22/2024,01-02-2025,12141,FALSE,Online,284,913
221,657,3,5/15/2024,07-10-2024,17031,TRUE,Online,553,946
222,394,4,12/17/2024,03-08-2025,12023,TRUE,Online,258,597
223,14,3,01-03-2024,02-03-2024,6620,TRUE,Offline,609,579
224,444,3,10/26/2023,12-07-2023,11853,TRUE,Offline,616,852
225,73,3,02-08-2023,4/14/2023,12092,FALSE,Online,545,507
226,484,1,5/14/2024,7/25/2024,8689,TRUE,Hybrid,508,350
227,751,1,12-05-2023,2/19/2024,8465,FALSE,Offline,178,862
228,435,1,9/13/2023,11/28/2023,18782,TRUE,Offline,851,711
229,656,2,10/18/2024,12/27/2024,14425,TRUE,Hybrid,372,538
230,887,3,12-12-2024,2/15/2025,7792,TRUE,Offline,578,43
231,721,1,02-07-2025,3/21/2025,19080,FALSE,Offline,287,865
232,273,3,2/16/2024,3/25/2024,7803,FALSE,Online,166,832
233,624,4,10/27/2023,12-09-2023,11815,TRUE,Online,973,50
234,600,4,03-03-2024,5/21/2024,9663,FALSE,Offline,138,208
235,882,2,06-04-2024,8/20/2024,14692,TRUE,Online,297,968
236,643,3,3/15/2023,6/13/2023,5327,FALSE,Offline,192,442
237,339,3,7/30/2023,10-12-2023,13718,FALSE,Hybrid,741,30
238,357,3,08-11-2024,10/28/2024,12959,TRUE,Hybrid,169,976
239,432,1,08-06-2024,9/20/2024,17153,TRUE,Online,999,89
240,644,1,11-08-2023,12/14/2023,5353,FALSE,Online,429,943
241,83,1,1/14/2023,2/23/2023,19756,TRUE,Offline,467,993
242,859,3,09-10-2023,11-07-2023,17966,FALSE,Online,980,511
243,467,5,07-01-2024,09-02-2024,16747,TRUE,Offline,447,509
244,270,1,3/14/2025,4/19/2025,8797,FALSE,Hybrid,104,553
245,88,1,3/22/2025,5/21/2025,19811,TRUE,Hybrid,927,122
246,4,1,02-02-2024,04-02-2024,17453,TRUE,Offline,862,671
247,318,3,12-05-2023,01-08-2024,12175,TRUE,Online,105,30
248,256,5,11-12-2023,1/21/2024,15271,FALSE,Offline,304,306
249,243,5,02-04-2024,3/23/2024,6569,FALSE,Hybrid,583,469
250,294,4,10-11-2024,11-12-2024,18850,FALSE,Hybrid,717,355
251,284,5,2/17/2025,4/15/2025,6535,TRUE,Online,252,914
252,250,3,04-03-2023,6/15/2023,9526,TRUE,Offline,557,100
253,153,5,10-06-2024,12/19/2024,6703,TRUE,Online,943,971
254,928,3,09-04-2024,11-01-2024,15007,TRUE,Hybrid,409,183
255,368,1,11/20/2023,02-09-2024,9840,TRUE,Online,541,99
256,914,2,01-07-2024,3/26/2024,13689,FALSE,Online,172,142
257,997,1,1/14/2023,04-01-2023,9949,TRUE,Offline,764,532
258,745,4,1/22/2023,04-06-2023,8696,TRUE,Online,627,470
259,818,3,02-03-2025,03-12-2025,18229,FALSE,Hybrid,323,207
260,241,5,10/27/2024,01-11-2025,19773,FALSE,Offline,556,887
261,975,4,2/25/2023,05-05-2023,6234,TRUE,Hybrid,706,403
262,491,5,12/28/2024,3/23/2025,17833,TRUE,Online,724,24
263,510,2,11-06-2024,1/17/2025,16033,TRUE,Online,980,577
264,12,1,4/25/2023,07-04-2023,18953,FALSE,Offline,386,473
265,829,2,6/14/2024,8/24/2024,11743,FALSE,Hybrid,841,64
266,98,3,02-09-2024,04-11-2024,5983,TRUE,Offline,510,915
267,332,3,9/24/2024,11-12-2024,7324,TRUE,Hybrid,39,606
268,815,4,10-03-2023,11/14/2023,11528,TRUE,Hybrid,434,664
269,268,5,9/23/2023,10/23/2023,19193,FALSE,Hybrid,334,989
270,370,1,01-11-2025,3/15/2025,12747,FALSE,Online,696,348
271,904,5,09-08-2024,12-03-2024,16019,TRUE,Hybrid,223,262
272,594,2,5/19/2024,7/25/2024,14711,TRUE,Offline,549,414
273,456,5,01-10-2025,2/21/2025,8766,FALSE,Hybrid,114,159
274,223,5,1/16/2025,3/23/2025,10655,TRUE,Online,494,699
275,211,1,04-05-2024,6/19/2024,18928,TRUE,Hybrid,320,742
276,182,3,12/24/2024,1/24/2025,14284,TRUE,Online,773,705
277,217,1,12-06-2023,03-05-2024,8179,TRUE,Offline,261,98
278,425,2,1/24/2025,3/13/2025,19829,FALSE,Hybrid,904,611
279,245,2,2/22/2025,4/18/2025,9766,FALSE,Offline,928,877
280,195,2,06-11-2024,7/26/2024,5354,TRUE,Offline,175,508
281,449,5,6/17/2024,8/31/2024,8025,FALSE,Hybrid,640,628
282,324,5,12/18/2023,1/28/2024,8591,TRUE,Hybrid,615,64
283,535,2,02-09-2023,4/26/2023,16583,TRUE,Online,510,880
284,856,1,10-04-2024,12/18/2024,12842,FALSE,Hybrid,576,14
285,329,4,11-05-2023,1/30/2024,14471,FALSE,Hybrid,523,299
286,84,5,7/15/2023,10-06-2023,5578,TRUE,Online,34,89
287,122,5,01-04-2024,3/16/2024,6116,TRUE,Online,90,452
288,738,2,2/24/2024,4/25/2024,7570,FALSE,Online,207,22
289,603,3,12/27/2024,2/19/2025,17938,FALSE,Online,333,277
290,882,4,8/17/2024,9/17/2024,8796,TRUE,Hybrid,692,800
291,785,3,4/23/2023,5/26/2023,8205,TRUE,Online,876,664
292,24,5,03-01-2025,05-09-2025,9479,TRUE,Hybrid,712,708
293,222,2,10/14/2024,12/20/2024,9978,FALSE,Offline,164,903
294,982,4,01-09-2024,2/29/2024,15949,FALSE,Online,558,151
295,243,3,10/14/2024,11/15/2024,18303,TRUE,Hybrid,222,384
296,388,3,12/16/2023,1/22/2024,5441,FALSE,Hybrid,223,953
297,972,4,03-08-2025,5/20/2025,6770,FALSE,Offline,297,196
298,270,4,10/13/2023,11/20/2023,15579,FALSE,Offline,35,364
299,785,3,4/29/2024,6/16/2024,8483,FALSE,Offline,868,36
300,520,5,11-06-2024,12/27/2024,12840,FALSE,Hybrid,33,723
301,748,4,3/16/2025,5/31/2025,11026,FALSE,Online,952,998
302,447,1,5/26/2023,07-10-2023,8092,TRUE,Offline,60,785
303,599,5,2/27/2024,4/22/2024,17502,FALSE,Online,305,366
304,786,1,06-01-2024,8/25/2024,12805,FALSE,Offline,193,588
305,990,2,8/23/2023,10-08-2023,17446,FALSE,Online,617,204
306,534,4,1/31/2023,03-09-2023,6372,FALSE,Online,7,775
307,700,2,04-11-2023,5/13/2023,6930,FALSE,Hybrid,741,123
308,418,1,05-09-2024,7/19/2024,8777,FALSE,Offline,284,848
309,768,2,10-11-2024,11/16/2024,6089,TRUE,Hybrid,368,174
310,474,5,3/24/2025,6/18/2025,19889,FALSE,Online,373,176
311,645,5,2/15/2023,05-02-2023,16639,TRUE,Online,392,305
312,798,4,3/30/2025,6/18/2025,17115,FALSE,Online,247,909
313,84,4,4/26/2023,6/28/2023,5608,FALSE,Online,635,613
314,926,4,02-01-2023,4/30/2023,14791,TRUE,Hybrid,161,156
315,545,2,07-01-2023,9/20/2023,10387,FALSE,Online,404,408
316,939,5,9/17/2024,12/15/2024,5512,TRUE,Online,509,107
317,29,1,01-03-2024,03-12-2024,17434,TRUE,Offline,970,985
318,616,1,06-07-2024,7/24/2024,12298,TRUE,Online,56,35
319,348,4,2/14/2024,4/30/2024,14538,FALSE,Online,492,100
320,527,2,11-08-2024,01-02-2025,19391,TRUE,Hybrid,643,703
321,307,1,10/13/2023,12/14/2023,9028,FALSE,Online,878,931
322,219,5,12-05-2024,03-02-2025,16933,TRUE,Hybrid,994,657
323,491,3,4/21/2023,6/23/2023,12252,FALSE,Hybrid,83,612
324,872,3,03-01-2025,4/20/2025,9369,TRUE,Hybrid,880,33
325,863,1,3/20/2025,06-09-2025,10732,TRUE,Hybrid,818,736
326,781,2,03-05-2024,5/20/2024,7386,FALSE,Online,601,358
327,291,2,1/14/2023,4/13/2023,18584,TRUE,Online,694,308
328,876,5,12-05-2024,1/17/2025,10931,TRUE,Online,553,499
329,376,3,2/14/2024,3/22/2024,7270,TRUE,Hybrid,815,892
330,964,2,05-01-2024,6/15/2024,17426,FALSE,Online,666,134
331,126,3,11/25/2024,01-09-2025,10835,FALSE,Online,867,134
332,301,1,9/29/2024,10/29/2024,5219,TRUE,Hybrid,557,28
333,455,1,12/29/2024,3/19/2025,11579,TRUE,Hybrid,980,977
334,386,4,2/20/2023,5/19/2023,11648,TRUE,Online,533,283
335,89,4,11/14/2023,12/29/2023,19688,FALSE,Online,54,971
336,797,2,12-09-2024,03-06-2025,10166,FALSE,Offline,742,894
337,947,5,05-01-2023,7/30/2023,9181,TRUE,Hybrid,235,653
338,331,3,8/27/2024,10-06-2024,12783,TRUE,Online,178,57
339,573,3,12/28/2024,03-06-2025,15299,FALSE,Offline,321,648
340,737,4,11/30/2023,02-02-2024,6018,TRUE,Offline,645,654
341,673,3,8/23/2024,10/30/2024,5155,TRUE,Online,365,703
342,330,3,10/21/2023,12/30/2023,6378,FALSE,Hybrid,447,423
343,814,2,4/17/2024,6/14/2024,14434,TRUE,Offline,829,922
344,570,1,06-01-2023,8/30/2023,11131,FALSE,Offline,450,852
345,834,5,06-06-2023,7/30/2023,15644,TRUE,Online,216,971
346,274,3,5/21/2023,7/30/2023,7368,TRUE,Hybrid,572,899
347,935,5,02-05-2025,04-08-2025,7864,FALSE,Offline,288,695
348,636,1,8/26/2023,11-07-2023,13036,TRUE,Offline,227,960
349,58,5,6/28/2024,8/26/2024,7255,FALSE,Online,631,281
350,347,1,1/19/2023,2/22/2023,11792,TRUE,Hybrid,449,178
351,987,1,04-10-2023,05-10-2023,6981,TRUE,Hybrid,29,887
352,491,1,3/19/2025,5/13/2025,6355,FALSE,Online,811,279
353,725,1,07-11-2024,9/27/2024,7216,TRUE,Offline,107,776
354,325,1,1/18/2025,3/19/2025,19487,TRUE,Online,360,412
355,141,5,12/23/2023,02-09-2024,7748,TRUE,Hybrid,406,91
356,260,3,03-06-2024,4/30/2024,14179,FALSE,Hybrid,744,204
357,473,5,09-10-2023,11-07-2023,11642,TRUE,Online,464,377
358,442,2,1/27/2025,04-02-2025,16312,TRUE,Online,576,906
359,769,4,1/22/2024,3/28/2024,14341,FALSE,Hybrid,853,17
360,834,1,7/25/2023,9/20/2023,5014,FALSE,Hybrid,74,292
361,512,5,10-05-2024,11/15/2024,10491,TRUE,Online,971,487
362,907,2,12-02-2023,1/17/2024,10872,TRUE,Hybrid,724,60
363,15,3,09-01-2024,10/25/2024,10686,TRUE,Online,123,351
364,235,2,03-03-2024,4/28/2024,14152,FALSE,Online,176,388
365,820,2,01-10-2025,3/20/2025,5223,TRUE,Hybrid,211,316
366,510,1,2/21/2024,4/26/2024,16207,FALSE,Offline,332,741
367,74,3,4/14/2024,07-07-2024,18330,FALSE,Hybrid,964,799
368,99,4,4/27/2024,07-07-2024,19137,TRUE,Offline,640,961
369,265,5,8/22/2023,11-05-2023,7899,FALSE,Offline,35,233
370,5,5,1/29/2025,4/13/2025,6177,FALSE,Hybrid,67,58
371,58,4,6/13/2023,7/15/2023,18021,FALSE,Offline,606,825
372,23,4,2/22/2024,05-02-2024,7813,TRUE,Online,47,103
373,342,4,1/18/2023,03-11-2023,7720,FALSE,Hybrid,654,695
374,197,3,5/18/2023,07-02-2023,13885,TRUE,Offline,70,215
375,153,5,1/16/2023,2/25/2023,6031,FALSE,Hybrid,908,63
376,479,5,10/28/2023,1/17/2024,18314,FALSE,Online,50,562
377,33,1,02-11-2023,3/26/2023,14316,TRUE,Offline,380,222
378,404,4,11/30/2023,1/13/2024,14939,TRUE,Online,683,899
379,366,3,6/22/2024,08-09-2024,11188,FALSE,Hybrid,349,521
380,734,4,12-04-2024,1/28/2025,8117,FALSE,Offline,982,810
381,859,4,12/22/2024,2/23/2025,13953,TRUE,Online,455,651
382,728,2,4/23/2024,06-03-2024,14815,FALSE,Offline,130,650
383,582,1,2/14/2024,3/24/2024,12640,FALSE,Offline,727,316
384,747,1,1/16/2024,03-10-2024,8646,FALSE,Online,44,19
385,48,2,11/24/2024,2/18/2025,17299,TRUE,Hybrid,918,345
386,660,1,8/31/2023,11-10-2023,14848,TRUE,Hybrid,923,486
387,140,1,3/20/2025,6/13/2025,14430,FALSE,Online,32,847
388,668,3,03-05-2023,5/18/2023,8773,TRUE,Offline,75,887
389,421,1,8/14/2024,11-06-2024,18222,FALSE,Hybrid,129,597
390,400,1,11/13/2023,01-08-2024,5047,FALSE,Offline,376,907
391,604,4,12/15/2024,1/31/2025,9623,FALSE,Hybrid,868,368
392,774,5,5/19/2023,8/15/2023,15064,FALSE,Offline,921,828
393,948,3,01-01-2024,02-05-2024,10670,TRUE,Online,388,173
394,992,2,3/16/2025,05-04-2025,13765,FALSE,Online,74,902
395,31,5,04-01-2024,5/27/2024,8396,FALSE,Hybrid,94,114
396,629,4,10/26/2023,01-08-2024,14024,TRUE,Offline,515,599
397,399,2,09-12-2024,10/23/2024,8417,FALSE,Offline,921,183
398,930,5,5/31/2024,8/20/2024,16684,FALSE,Offline,565,485
399,455,5,06-05-2024,7/20/2024,11581,FALSE,Offline,384,467
400,188,5,4/30/2023,7/26/2023,9604,TRUE,Online,259,868
401,63,4,03-06-2023,05-09-2023,19065,FALSE,Hybrid,96,536
402,647,1,3/19/2024,4/21/2024,11875,TRUE,Hybrid,546,242
403,891,5,6/18/2023,9/16/2023,17392,TRUE,Online,357,988
404,856,2,01-02-2025,3/27/2025,8324,TRUE,Hybrid,75,800
405,743,2,3/17/2025,5/31/2025,15245,TRUE,Online,596,702
406,38,2,08-01-2023,09-02-2023,11199,FALSE,Online,294,753
407,683,1,02-08-2024,4/28/2024,5477,TRUE,Offline,837,925
408,515,3,06-04-2023,8/14/2023,9535,TRUE,Online,640,2
409,311,3,10/16/2024,12-05-2024,6108,TRUE,Offline,790,736
410,415,5,8/28/2024,10-01-2024,18736,TRUE,Offline,979,719
411,148,3,06-01-2023,08-12-2023,5844,TRUE,Online,184,389
412,278,2,08-03-2023,9/25/2023,11184,TRUE,Offline,760,669
413,934,2,2/13/2025,04-12-2025,8504,TRUE,Online,937,773
414,435,4,1/24/2025,3/29/2025,5871,FALSE,Online,908,804
415,638,1,04-06-2024,6/23/2024,6561,TRUE,Online,776,947
416,391,5,10/23/2023,01-02-2024,15352,FALSE,Online,775,141
417,95,1,3/20/2024,6/14/2024,7767,FALSE,Hybrid,164,418
418,538,2,9/16/2023,10/24/2023,9926,TRUE,Offline,209,858
419,773,5,10/17/2024,12/18/2024,9584,FALSE,Offline,433,956
420,715,2,07-09-2023,9/17/2023,17704,FALSE,Offline,87,347
421,950,4,12-11-2023,2/16/2024,14330,FALSE,Offline,885,581
422,722,3,08-03-2024,9/15/2024,14736,FALSE,Hybrid,912,723
423,439,5,11/29/2024,1/15/2025,5128,TRUE,Hybrid,865,79
424,567,2,8/22/2023,10-10-2023,7841,TRUE,Offline,796,961
425,97,3,5/26/2024,8/18/2024,18878,TRUE,Hybrid,262,183
426,69,1,3/28/2024,05-08-2024,14817,FALSE,Offline,92,464
427,18,2,12/18/2024,02-11-2025,17647,TRUE,Hybrid,681,193
428,9,2,03-09-2024,4/14/2024,17083,TRUE,Hybrid,959,486
429,2,4,07-01-2024,8/29/2024,19709,TRUE,Hybrid,232,111
430,249,5,02-03-2023,3/23/2023,7327,FALSE,Offline,286,1
431,174,3,08-08-2023,09-07-2023,13295,TRUE,Hybrid,372,957
432,276,3,12/28/2024,1/31/2025,17977,TRUE,Hybrid,943,209
433,401,3,3/14/2025,5/26/2025,15708,FALSE,Online,359,59
434,593,3,11-09-2023,1/28/2024,11788,TRUE,Hybrid,733,932
435,998,3,4/14/2024,5/23/2024,15823,FALSE,Online,152,283
436,222,2,1/20/2025,3/20/2025,15459,FALSE,Hybrid,856,149
437,778,5,3/18/2023,06-04-2023,19384,TRUE,Online,713,701
438,657,4,3/22/2025,5/24/2025,11299,FALSE,Hybrid,545,134
439,387,3,7/19/2024,09-01-2024,17250,FALSE,Offline,239,696
440,793,5,7/22/2023,09-08-2023,18050,TRUE,Online,700,109
441,889,4,12/25/2024,3/23/2025,11329,FALSE,Hybrid,81,542
442,206,5,08-01-2024,10/21/2024,16722,TRUE,Offline,941,671
443,373,4,03-08-2024,5/28/2024,7454,TRUE,Offline,679,117
444,66,4,01-03-2023,3/19/2023,18330,TRUE,Offline,104,394
445,73,4,8/26/2024,10/20/2024,17517,TRUE,Offline,178,196
446,545,4,01-11-2023,3/30/2023,5513,TRUE,Offline,862,550
447,963,5,4/17/2023,06-12-2023,12642,FALSE,Offline,459,422
448,915,3,10/16/2023,11/22/2023,15268,FALSE,Offline,844,631
449,666,1,1/29/2023,04-12-2023,18278,TRUE,Online,712,773
450,710,5,11-05-2024,12/29/2024,19037,TRUE,Offline,134,586
451,955,4,12-05-2023,1/20/2024,18438,FALSE,Offline,441,324
452,753,3,8/14/2024,9/26/2024,19598,FALSE,Online,791,679
453,473,2,8/22/2024,10/26/2024,15839,TRUE,Hybrid,625,540
454,840,4,10-07-2023,12-02-2023,6494,FALSE,Offline,99,588
455,65,3,04-01-2023,6/19/2023,8782,FALSE,Online,419,218
456,780,1,01-02-2024,3/30/2024,16344,TRUE,Hybrid,804,878
457,793,2,06-03-2023,7/14/2023,15162,TRUE,Online,366,286
458,801,1,5/21/2023,07-04-2023,14866,TRUE,Offline,890,462
459,514,1,9/19/2024,11-01-2024,6149,TRUE,Online,66,285
460,5,5,11/18/2023,01-02-2024,14068,FALSE,Offline,14,140
461,479,3,02-03-2025,4/21/2025,9875,TRUE,Offline,269,948
462,130,5,2/20/2024,3/29/2024,15030,FALSE,Hybrid,695,819
463,335,2,2/14/2025,4/22/2025,13044,FALSE,Online,964,947
464,931,1,12-10-2024,03-02-2025,12978,TRUE,Offline,62,331
465,607,1,4/28/2023,06-06-2023,12704,FALSE,Online,773,89
466,503,4,10/18/2024,01-08-2025,12919,FALSE,Offline,213,258
467,355,2,8/15/2024,9/21/2024,15488,TRUE,Offline,85,856
468,140,5,06-07-2023,8/14/2023,14360,TRUE,Hybrid,193,837
469,426,2,06-01-2023,8/30/2023,12146,FALSE,Offline,765,76
470,860,1,12/19/2024,02-05-2025,18057,TRUE,Hybrid,190,304
471,899,4,7/25/2023,8/26/2023,14063,FALSE,Offline,653,967
472,118,4,02-10-2023,04-03-2023,16183,TRUE,Online,486,510
473,359,5,5/14/2024,6/21/2024,8672,TRUE,Online,729,187
474,819,1,10-05-2023,12/29/2023,7895,FALSE,Offline,165,450
475,897,5,5/27/2024,08-07-2024,15905,TRUE,Offline,368,487
476,786,3,3/21/2025,05-05-2025,5440,TRUE,Hybrid,201,768
477,464,1,12/26/2024,1/30/2025,17518,FALSE,Online,67,718
478,133,4,11/19/2023,2/15/2024,10324,FALSE,Offline,887,524
479,197,5,6/22/2024,8/26/2024,6886,TRUE,Offline,984,295
480,865,4,10-03-2024,12/27/2024,19628,FALSE,Online,689,345
481,912,3,6/14/2024,7/23/2024,14618,TRUE,Hybrid,561,789
482,503,4,3/24/2025,05-12-2025,13185,FALSE,Offline,928,305
483,966,1,3/13/2025,4/28/2025,11140,TRUE,Online,642,644
484,536,2,07-02-2024,9/17/2024,14791,TRUE,Offline,825,51
485,494,5,5/29/2024,8/26/2024,14836,FALSE,Online,887,132
486,40,4,9/28/2024,12/26/2024,14960,FALSE,Offline,221,70
487,987,1,11-01-2024,01-07-2025,12765,TRUE,Online,458,658
488,394,5,1/28/2023,4/25/2023,9002,FALSE,Online,804,351
489,725,5,12/14/2023,1/21/2024,16593,TRUE,Offline,766,436
490,753,3,11-06-2023,01-05-2024,13333,TRUE,Offline,964,683
491,569,4,7/23/2023,9/25/2023,19935,TRUE,Hybrid,491,438
492,278,1,10/14/2023,11/17/2023,14227,FALSE,Online,841,575
493,715,1,03-04-2024,4/23/2024,12241,FALSE,Online,392,426
494,187,4,9/18/2024,10/20/2024,5095,TRUE,Offline,978,479
495,42,4,02-09-2024,05-03-2024,7571,TRUE,Online,276,26
496,34,3,4/29/2024,6/17/2024,15535,FALSE,Offline,489,605
497,328,5,08-01-2024,09-08-2024,18346,TRUE,Online,312,808
498,998,1,02-01-2024,3/31/2024,11554,FALSE,Online,482,474
499,714,4,2/18/2025,3/28/2025,5291,TRUE,Hybrid,778,758
500,560,1,12/28/2023,2/21/2024,19642,TRUE,Offline,371,259
501,712,4,12/15/2024,02-01-2025,5587,FALSE,Offline,804,60
502,301,5,11/22/2023,02-09-2024,12257,FALSE,Hybrid,253,123
503,790,1,5/24/2024,7/30/2024,8896,TRUE,Hybrid,106,808
504,27,2,3/17/2025,06-06-2025,15126,FALSE,Offline,223,441
505,848,5,11/28/2024,1/22/2025,16288,FALSE,Offline,663,813
506,546,5,3/21/2023,5/18/2023,6099,FALSE,Offline,5,62
507,37,4,6/16/2023,09-02-2023,7674,FALSE,Online,927,61
508,607,1,8/20/2024,10-08-2024,18567,TRUE,Hybrid,344,978
509,97,1,6/21/2024,08-01-2024,8186,TRUE,Hybrid,91,132
510,478,4,12/18/2023,1/23/2024,14194,FALSE,Offline,207,374
511,30,4,6/15/2024,09-12-2024,11910,FALSE,Online,596,211
512,371,4,10/14/2024,12/13/2024,15947,TRUE,Hybrid,680,198
513,923,5,06-05-2023,8/15/2023,10949,FALSE,Offline,974,359
514,121,4,1/30/2025,4/13/2025,10234,TRUE,Online,844,18
515,887,1,3/28/2023,5/29/2023,15544,FALSE,Offline,157,280
516,444,4,7/23/2024,09-12-2024,13153,TRUE,Hybrid,156,410
517,326,1,06-05-2023,07-11-2023,18242,TRUE,Online,913,686
518,690,4,12/29/2023,3/23/2024,11062,FALSE,Hybrid,77,380
519,782,1,2/24/2024,4/18/2024,12257,TRUE,Offline,371,153
520,17,4,6/25/2023,08-07-2023,11712,FALSE,Online,695,701
521,70,5,02-10-2023,05-02-2023,11084,FALSE,Online,572,149
522,891,2,05-12-2024,6/30/2024,13249,FALSE,Online,406,90
523,918,5,5/18/2023,08-08-2023,10049,TRUE,Offline,864,585
524,155,3,12/16/2024,02-11-2025,11572,FALSE,Hybrid,740,678
525,884,2,07-04-2024,9/16/2024,5749,TRUE,Hybrid,131,477
526,210,1,03-06-2023,5/20/2023,7563,FALSE,Hybrid,54,104
527,540,5,7/20/2024,8/28/2024,17720,FALSE,Offline,818,400
528,288,3,8/14/2023,10-12-2023,5204,TRUE,Online,853,393
529,732,5,11/24/2024,1/18/2025,15967,TRUE,Offline,27,365
530,567,2,03-07-2023,05-07-2023,11767,TRUE,Hybrid,517,89
531,742,1,11/26/2023,1/27/2024,8315,TRUE,Online,546,815
532,482,5,1/15/2023,03-12-2023,8605,TRUE,Online,198,217
533,701,2,12/29/2023,1/30/2024,12708,TRUE,Hybrid,542,290
534,408,4,5/25/2023,6/28/2023,12678,TRUE,Offline,174,3
535,201,4,1/15/2024,4/14/2024,5387,FALSE,Online,565,914
536,685,5,01-05-2023,3/17/2023,18295,FALSE,Online,506,866
537,123,2,3/20/2023,06-07-2023,13260,FALSE,Online,673,482
538,453,5,3/21/2023,5/18/2023,14112,FALSE,Hybrid,434,370
539,555,4,6/30/2024,7/30/2024,10930,TRUE,Online,604,234
540,395,1,1/15/2024,2/22/2024,17366,TRUE,Hybrid,119,862
541,836,5,11-11-2023,1/16/2024,7137,FALSE,Offline,425,313
542,372,3,3/24/2023,6/18/2023,15793,TRUE,Hybrid,73,956
543,646,4,11/15/2023,12/16/2023,18813,FALSE,Offline,435,654
544,504,1,7/29/2024,09-07-2024,19231,TRUE,Online,592,835
545,514,2,7/14/2023,10-08-2023,9666,FALSE,Offline,521,582
546,916,4,02-02-2025,4/13/2025,12246,FALSE,Hybrid,574,939
547,60,1,08-10-2024,10-04-2024,12291,FALSE,Hybrid,734,926
548,416,1,10/28/2024,01-03-2025,12626,TRUE,Online,214,343
549,79,2,3/25/2023,06-06-2023,5411,FALSE,Hybrid,31,368
550,935,4,08-04-2023,9/16/2023,12442,TRUE,Offline,659,52
551,939,3,9/20/2024,11/19/2024,9701,TRUE,Offline,495,240
552,221,4,6/13/2023,8/14/2023,19739,FALSE,Online,999,301
553,802,3,06-10-2023,7/17/2023,6526,FALSE,Hybrid,17,620
554,151,2,4/26/2023,06-11-2023,10990,FALSE,Hybrid,607,706
555,416,4,3/31/2024,6/24/2024,13077,FALSE,Offline,242,724
556,714,4,1/26/2025,04-08-2025,14141,TRUE,Online,577,811
557,917,2,7/24/2024,9/26/2024,7765,FALSE,Online,347,167
558,821,4,06-10-2023,8/29/2023,7250,FALSE,Offline,48,813
559,291,1,1/31/2024,04-06-2024,15399,TRUE,Offline,172,242
560,623,4,4/23/2023,07-01-2023,13713,TRUE,Hybrid,367,296
561,168,5,04-06-2023,07-04-2023,11060,FALSE,Online,763,658
562,472,4,4/14/2024,06-02-2024,6035,FALSE,Offline,275,497
563,592,3,11/17/2023,12/23/2023,9531,TRUE,Online,999,565
564,608,1,3/31/2024,5/21/2024,10172,FALSE,Offline,946,109
565,912,5,7/21/2023,9/18/2023,10735,TRUE,Offline,192,928
566,499,2,11/24/2023,01-01-2024,9960,TRUE,Hybrid,50,231
567,413,1,8/21/2024,11-06-2024,7492,TRUE,Offline,54,13
568,453,1,11-02-2023,12/30/2023,15468,FALSE,Online,113,589
569,931,1,11-04-2023,1/16/2024,9334,FALSE,Offline,523,336
570,543,4,12/23/2024,03-01-2025,18659,FALSE,Offline,60,180
571,975,5,9/21/2024,10/29/2024,17296,TRUE,Online,443,47
572,697,1,03-08-2023,05-10-2023,18565,TRUE,Offline,470,423
573,288,5,04-08-2023,06-05-2023,17583,TRUE,Online,593,752
574,266,2,3/14/2025,4/26/2025,5241,FALSE,Offline,868,966
575,50,4,04-02-2023,5/18/2023,15275,TRUE,Online,931,217
576,435,1,01-01-2023,3/25/2023,16461,FALSE,Offline,105,19
577,901,3,03-02-2024,4/16/2024,5775,TRUE,Online,120,52
578,290,1,3/21/2024,4/21/2024,7359,FALSE,Offline,246,373
579,949,1,02-08-2023,3/14/2023,11311,TRUE,Hybrid,737,815
580,525,5,12/26/2023,1/28/2024,9675,FALSE,Online,961,611
581,332,3,04-05-2024,6/15/2024,14663,FALSE,Offline,858,223
582,28,4,3/20/2023,4/30/2023,6871,FALSE,Offline,901,343
583,123,4,08-09-2024,10/19/2024,8442,TRUE,Online,320,168
584,805,3,4/28/2024,6/30/2024,13565,FALSE,Offline,54,412
585,477,5,06-12-2024,08-05-2024,9858,TRUE,Offline,223,586
586,857,1,05-06-2024,07-06-2024,17478,TRUE,Online,837,823
587,545,3,6/22/2024,9/16/2024,5215,FALSE,Offline,536,766
588,453,1,02-03-2024,04-09-2024,8874,FALSE,Online,565,440
589,485,5,6/30/2023,9/16/2023,18466,FALSE,Offline,260,778
590,281,3,02-07-2024,03-12-2024,14137,TRUE,Offline,312,816
591,166,2,1/31/2024,4/13/2024,7108,TRUE,Offline,362,389
592,796,4,3/13/2023,06-10-2023,8917,TRUE,Hybrid,260,395
593,249,4,2/17/2025,4/27/2025,18152,FALSE,Online,695,537
594,943,5,09-02-2024,10/28/2024,17546,TRUE,Online,112,174
595,606,4,3/13/2025,05-07-2025,19991,FALSE,Online,968,364
596,549,1,1/26/2025,3/22/2025,18257,TRUE,Online,927,393
597,557,3,02-09-2025,4/27/2025,16160,TRUE,Hybrid,999,538
598,933,3,03-09-2025,5/29/2025,10232,TRUE,Offline,311,314
599,67,3,5/19/2023,8/16/2023,14401,TRUE,Offline,46,955
600,17,2,11-04-2023,1/14/2024,5548,TRUE,Hybrid,197,757
601,625,4,1/25/2024,3/14/2024,9232,FALSE,Hybrid,597,782
602,340,1,9/26/2023,12-07-2023,5877,FALSE,Offline,664,734
603,644,1,05-12-2024,08-04-2024,18417,FALSE,Hybrid,421,583
604,533,5,8/22/2023,9/30/2023,16772,TRUE,Offline,435,670
605,253,2,9/30/2023,11-11-2023,14266,TRUE,Hybrid,407,996
606,274,5,9/14/2023,10/27/2023,10620,FALSE,Hybrid,888,785
607,239,2,6/28/2023,9/14/2023,18390,FALSE,Offline,225,919
608,428,1,7/19/2024,09-06-2024,19511,FALSE,Online,353,226
609,197,4,2/14/2023,3/31/2023,5667,TRUE,Hybrid,703,831
610,595,2,03-05-2023,4/27/2023,7376,FALSE,Online,119,93
611,344,3,3/25/2023,05-09-2023,6444,TRUE,Online,21,73
612,796,2,9/23/2023,10/27/2023,17396,TRUE,Online,570,344
613,525,4,9/18/2024,12-07-2024,16700,TRUE,Online,87,532
614,227,4,06-02-2023,8/31/2023,9264,TRUE,Hybrid,871,543
615,891,3,8/27/2023,11-04-2023,6528,TRUE,Hybrid,698,144
616,392,5,11/22/2023,02-07-2024,7563,FALSE,Online,839,18
617,687,4,11/21/2023,01-11-2024,14170,FALSE,Hybrid,989,348
618,631,4,3/28/2024,6/21/2024,15379,FALSE,Online,293,213
619,907,3,9/17/2024,11-03-2024,16404,FALSE,Online,312,144
620,610,1,3/20/2025,4/23/2025,9239,TRUE,Offline,548,838
621,416,5,4/24/2023,6/21/2023,11901,TRUE,Offline,653,70
622,760,1,8/18/2024,10-12-2024,9175,TRUE,Offline,981,27
623,251,4,5/15/2023,08-02-2023,12852,FALSE,Online,40,737
624,966,3,8/28/2024,10/22/2024,7826,FALSE,Hybrid,740,951
625,281,5,02-05-2024,4/18/2024,8359,TRUE,Hybrid,518,925
626,408,2,1/25/2023,4/25/2023,18227,TRUE,Online,491,710
627,749,1,6/26/2023,8/31/2023,19383,FALSE,Hybrid,798,82
628,815,4,3/26/2023,06-07-2023,18518,TRUE,Online,419,555
629,494,1,6/28/2023,9/25/2023,19890,TRUE,Offline,370,772
630,237,4,2/28/2023,5/22/2023,5203,TRUE,Online,566,570
631,723,3,1/31/2024,03-11-2024,17888,TRUE,Offline,47,521
632,444,5,01-11-2025,04-03-2025,5977,TRUE,Online,507,798
633,741,4,9/24/2024,12/15/2024,14588,FALSE,Hybrid,103,915
634,990,2,12-10-2024,02-12-2025,7475,FALSE,Online,737,635
635,458,1,5/25/2023,08-12-2023,10345,FALSE,Offline,477,339
636,740,1,1/19/2023,3/29/2023,18029,FALSE,Offline,996,215
637,12,3,06-07-2024,7/27/2024,7750,FALSE,Offline,987,225
638,656,4,1/14/2025,04-01-2025,9798,TRUE,Offline,180,951
639,679,1,02-07-2025,3/20/2025,19746,TRUE,Online,787,714
640,857,2,6/26/2023,8/14/2023,6818,TRUE,Hybrid,861,838
641,461,4,9/19/2024,12-02-2024,19200,TRUE,Online,583,340
642,780,1,11/19/2024,12/31/2024,16461,TRUE,Online,310,151
643,143,1,2/24/2024,5/23/2024,5011,FALSE,Hybrid,851,788
644,319,2,6/18/2024,8/13/2024,5754,FALSE,Online,775,954
645,420,5,11-07-2024,01-06-2025,12315,TRUE,Offline,130,733
646,374,3,12/25/2023,3/20/2024,14389,FALSE,Hybrid,797,918
647,972,1,2/17/2023,4/24/2023,11346,TRUE,Hybrid,397,674
648,818,5,10/22/2023,1/13/2024,17107,TRUE,Hybrid,616,928
649,224,5,12/15/2024,1/28/2025,9776,FALSE,Hybrid,524,341
650,885,5,6/29/2024,9/20/2024,14189,TRUE,Online,540,398
651,980,1,12/31/2023,3/24/2024,15847,TRUE,Online,898,727
652,43,2,8/28/2023,11/14/2023,16790,TRUE,Hybrid,645,639
653,34,3,6/18/2023,09-03-2023,13161,TRUE,Offline,678,84
654,352,3,12/19/2024,1/19/2025,12578,TRUE,Online,836,795
655,703,1,1/21/2023,2/22/2023,7391,FALSE,Offline,849,731
656,261,2,11/17/2023,1/19/2024,11151,TRUE,Hybrid,98,597
657,792,2,12/17/2023,1/25/2024,19181,TRUE,Offline,273,419
658,535,1,12-09-2024,2/18/2025,15103,TRUE,Hybrid,383,723
659,376,1,01-12-2025,04-04-2025,8157,FALSE,Offline,353,693
660,391,5,1/20/2023,03-01-2023,13709,FALSE,Online,74,946
661,104,3,03-01-2025,05-02-2025,10610,FALSE,Online,629,898
662,293,1,12/21/2024,1/26/2025,13136,FALSE,Online,795,974
663,209,1,11-08-2023,02-04-2024,17909,FALSE,Offline,949,403
664,875,1,09-12-2023,11-01-2023,6224,TRUE,Hybrid,472,941
665,158,2,08-08-2023,10/24/2023,8152,FALSE,Hybrid,194,627
666,951,1,9/21/2023,11-08-2023,5035,FALSE,Online,696,780
667,541,2,02-05-2025,05-03-2025,9637,FALSE,Hybrid,196,256
668,40,1,8/26/2024,10-05-2024,11347,TRUE,Hybrid,594,276
669,632,1,01-07-2025,3/29/2025,5292,FALSE,Online,891,121
670,2,4,09-02-2024,10-08-2024,12252,TRUE,Online,523,26
671,425,4,9/25/2023,11/13/2023,13120,TRUE,Hybrid,779,435
672,105,5,8/21/2024,10/15/2024,18105,TRUE,Online,286,226
673,875,4,1/20/2025,04-12-2025,8529,TRUE,Hybrid,242,828
674,530,1,2/20/2024,5/14/2024,7695,FALSE,Offline,474,864
675,937,1,12/14/2023,02-12-2024,5265,TRUE,Offline,904,603
676,843,5,1/16/2023,04-07-2023,11783,FALSE,Hybrid,294,286
677,949,5,1/17/2024,4/16/2024,13270,TRUE,Online,427,998
678,343,3,08-03-2023,09-11-2023,19201,FALSE,Hybrid,111,552
679,429,5,8/24/2024,10/13/2024,19609,FALSE,Hybrid,581,459
680,567,2,12/14/2023,02-04-2024,14775,TRUE,Online,342,251
681,354,2,2/17/2025,4/13/2025,6094,TRUE,Offline,20,4
682,220,5,3/31/2023,05-12-2023,5908,TRUE,Online,936,408
683,983,4,3/14/2025,5/19/2025,12948,TRUE,Offline,357,114
684,709,1,01-11-2024,2/16/2024,15384,TRUE,Offline,202,826
685,554,3,5/19/2024,7/29/2024,16832,FALSE,Offline,272,289
686,840,2,09-12-2024,10/17/2024,16560,FALSE,Offline,991,906
687,113,3,9/21/2023,10/21/2023,19327,FALSE,Offline,792,589
688,21,3,09-06-2023,11-05-2023,5440,TRUE,Online,357,855
689,652,4,02-01-2024,3/18/2024,13896,FALSE,Online,622,17
690,911,1,12/30/2023,03-03-2024,17339,TRUE,Offline,231,214
691,356,4,06-01-2024,7/21/2024,19109,FALSE,Online,615,787
692,350,4,7/17/2023,10-01-2023,9387,FALSE,Hybrid,570,813
693,805,3,11/18/2024,01-09-2025,5649,TRUE,Offline,784,263
694,985,4,12/13/2024,2/13/2025,12672,FALSE,Offline,704,870
695,790,4,1/24/2023,4/20/2023,6747,FALSE,Offline,851,862
696,393,4,11-06-2023,12/18/2023,11317,TRUE,Offline,352,327
697,116,4,8/22/2023,9/29/2023,10459,TRUE,Online,860,589
698,973,2,03-05-2025,4/24/2025,15662,FALSE,Hybrid,270,706
699,611,5,2/25/2025,5/19/2025,19129,TRUE,Online,723,451
700,415,2,1/19/2024,3/13/2024,16368,FALSE,Hybrid,385,981
701,910,5,08-04-2024,9/17/2024,19025,FALSE,Hybrid,170,905
702,943,3,1/13/2024,3/23/2024,15524,FALSE,Offline,928,909
703,63,1,5/26/2024,8/20/2024,13525,TRUE,Hybrid,811,252
704,31,4,10/25/2023,12/20/2023,5922,TRUE,Offline,56,883
705,393,2,02-04-2023,05-05-2023,6655,FALSE,Offline,987,808
706,647,5,10-11-2024,12/31/2024,5610,FALSE,Online,763,2
707,661,1,01-03-2025,3/17/2025,9214,FALSE,Online,796,480
708,672,3,03-11-2023,04-12-2023,14507,FALSE,Online,240,964
709,112,4,2/29/2024,04-02-2024,7615,FALSE,Offline,203,523
710,739,5,02-10-2024,05-10-2024,18537,TRUE,Online,336,111
711,544,3,2/28/2024,04-06-2024,17629,TRUE,Online,188,696
712,619,2,9/14/2023,12-01-2023,8903,TRUE,Online,880,414
713,896,4,10/18/2023,11/22/2023,7307,TRUE,Online,551,2
714,752,1,09-09-2023,10/21/2023,13795,TRUE,Hybrid,547,995
715,606,1,04-03-2023,05-11-2023,12259,FALSE,Online,456,413
716,609,3,1/31/2024,3/23/2024,9225,FALSE,Online,750,220
717,538,2,06-05-2023,09-01-2023,6617,TRUE,Online,642,560
718,334,4,08-11-2023,9/20/2023,9634,TRUE,Offline,517,894
719,349,4,02-11-2024,3/27/2024,8468,FALSE,Hybrid,878,475
720,239,1,12/30/2023,3/13/2024,9468,FALSE,Offline,716,71
721,740,4,03-05-2025,05-02-2025,16460,FALSE,Online,153,305
722,858,3,12/22/2024,02-06-2025,19936,TRUE,Offline,453,165
723,468,3,6/18/2023,8/19/2023,8525,TRUE,Hybrid,559,360
724,474,2,9/26/2024,11/14/2024,15259,TRUE,Hybrid,5,527
725,100,5,2/15/2025,3/26/2025,16429,FALSE,Hybrid,670,892
726,902,2,09-12-2023,12-01-2023,16594,FALSE,Offline,25,788
727,708,5,3/20/2024,5/21/2024,9985,TRUE,Hybrid,398,539
728,467,5,2/13/2024,4/13/2024,18694,TRUE,Online,223,616
729,10,5,9/14/2024,11/13/2024,14612,FALSE,Online,355,292
730,872,2,12/16/2024,1/25/2025,10673,TRUE,Online,308,343
731,200,5,1/14/2023,04-07-2023,5381,TRUE,Hybrid,178,964
732,655,1,3/17/2024,4/18/2024,9472,TRUE,Offline,103,987
733,201,3,12/26/2023,1/30/2024,6403,FALSE,Offline,519,520
734,968,5,09-10-2024,10/20/2024,17589,FALSE,Hybrid,681,359
735,78,5,11/16/2024,01-02-2025,19651,TRUE,Online,825,717
736,348,4,2/26/2023,5/17/2023,16952,TRUE,Online,352,950
737,403,4,9/18/2023,10/21/2023,10585,TRUE,Online,99,600
738,792,4,02-10-2024,4/13/2024,18017,TRUE,Hybrid,144,374
739,288,1,7/17/2024,09-04-2024,9797,TRUE,Online,126,909
740,292,2,09-06-2023,10/13/2023,10126,TRUE,Offline,756,774
741,675,5,02-02-2025,04-06-2025,13678,TRUE,Offline,962,47
742,53,4,04-06-2024,06-10-2024,17968,FALSE,Online,78,311
743,88,2,11/15/2023,1/26/2024,7277,TRUE,Offline,611,168
744,93,2,7/31/2023,9/15/2023,18765,FALSE,Offline,318,169
745,347,4,10-03-2023,12/19/2023,5053,FALSE,Hybrid,119,967
746,841,4,1/24/2024,04-11-2024,19707,FALSE,Hybrid,26,573
747,320,2,3/22/2024,5/30/2024,10971,TRUE,Offline,997,928
748,450,4,2/20/2024,5/18/2024,19583,TRUE,Offline,722,931
749,808,1,01-05-2024,02-08-2024,13251,FALSE,Hybrid,208,38
750,524,4,8/19/2024,11-01-2024,14212,FALSE,Hybrid,546,875
751,883,3,3/13/2025,5/29/2025,13219,FALSE,Online,809,813
752,376,2,06-03-2023,7/28/2023,8096,FALSE,Online,737,270
753,984,2,12-02-2024,1/29/2025,7701,FALSE,Online,376,978
754,119,5,02-11-2025,05-04-2025,14198,FALSE,Hybrid,743,735
755,396,3,1/24/2025,03-11-2025,11697,FALSE,Online,84,603
756,139,4,08-03-2024,10-11-2024,18728,FALSE,Hybrid,396,503
757,499,5,10-08-2023,11/27/2023,17016,FALSE,Offline,582,352
758,764,5,03-11-2024,5/30/2024,14784,FALSE,Hybrid,775,640
759,733,1,4/22/2023,06-03-2023,7267,FALSE,Offline,726,582
760,444,1,4/26/2023,07-07-2023,16225,FALSE,Hybrid,744,135
761,400,4,10-07-2024,11/19/2024,19200,FALSE,Offline,343,903
762,446,5,7/24/2023,9/17/2023,5905,TRUE,Hybrid,867,883
763,123,4,10-02-2023,11/15/2023,19836,TRUE,Online,203,411
764,449,4,12/28/2023,3/14/2024,5664,TRUE,Offline,994,257
765,96,1,7/21/2024,09-08-2024,5416,FALSE,Hybrid,56,104
766,975,3,1/28/2023,3/23/2023,8850,FALSE,Online,604,706
767,476,2,10/20/2023,11/28/2023,14171,FALSE,Offline,347,348
768,95,2,11/19/2023,2/15/2024,9636,TRUE,Online,996,725
769,208,4,12/29/2023,02-10-2024,7729,FALSE,Online,728,794
770,430,2,1/27/2024,03-03-2024,18687,FALSE,Online,509,472
771,208,5,12-12-2023,2/21/2024,7257,FALSE,Online,360,404
772,342,3,01-03-2023,3/16/2023,17230,FALSE,Offline,64,382
773,466,5,12/14/2024,2/13/2025,5443,TRUE,Online,858,953
774,677,2,03-08-2024,5/28/2024,15787,FALSE,Online,646,522
775,484,5,3/18/2025,05-10-2025,13251,FALSE,Online,503,107
776,284,4,5/13/2023,08-08-2023,5388,TRUE,Hybrid,544,162
777,603,1,5/16/2023,7/18/2023,16199,FALSE,Hybrid,177,542
778,502,3,11/17/2024,12/18/2024,15466,FALSE,Online,943,819
779,430,1,2/19/2024,4/14/2024,9126,FALSE,Hybrid,228,359
780,364,3,11/15/2023,01-07-2024,8044,TRUE,Offline,181,462
781,158,3,04-02-2023,06-01-2023,6110,TRUE,Hybrid,872,595
782,396,2,6/18/2024,08-11-2024,19411,TRUE,Offline,459,905
783,879,2,12/14/2023,2/24/2024,6770,FALSE,Online,844,517
784,818,3,5/27/2024,7/27/2024,5457,TRUE,Hybrid,972,316
785,329,2,4/24/2023,5/26/2023,18450,TRUE,Offline,166,114
786,530,2,9/13/2023,11-09-2023,13768,FALSE,Offline,538,55
787,164,2,3/28/2023,05-05-2023,11628,TRUE,Offline,314,404
788,916,4,03-10-2024,4/20/2024,18088,TRUE,Hybrid,55,129
789,731,5,2/20/2024,4/16/2024,15577,TRUE,Hybrid,690,882
790,986,4,3/21/2024,4/24/2024,12816,TRUE,Offline,239,239
791,517,5,03-08-2024,5/30/2024,18192,FALSE,Hybrid,379,631
792,691,4,03-10-2025,06-01-2025,15544,FALSE,Online,168,402
793,201,4,02-10-2024,3/24/2024,7663,TRUE,Online,216,68
794,933,1,11-10-2023,12/17/2023,12380,TRUE,Hybrid,324,456
795,754,2,05-02-2024,06-05-2024,6792,TRUE,Online,77,37
796,572,1,12-01-2023,01-10-2024,7033,FALSE,Hybrid,980,237
797,222,3,02-01-2023,3/16/2023,10605,TRUE,Online,192,793
798,207,4,5/24/2024,7/25/2024,14750,TRUE,Offline,675,473
799,338,5,3/23/2023,5/20/2023,8983,TRUE,Online,818,645
800,903,5,2/25/2023,5/20/2023,7029,TRUE,Hybrid,102,22
801,758,5,6/27/2024,09-05-2024,6619,FALSE,Hybrid,909,870
802,949,4,6/27/2023,09-11-2023,9001,TRUE,Hybrid,841,618
803,580,4,3/21/2024,5/23/2024,15905,TRUE,Offline,949,44
804,194,5,2/16/2024,4/20/2024,16351,FALSE,Offline,399,829
805,571,3,10-06-2024,11/20/2024,7691,FALSE,Online,598,895
806,242,1,1/18/2025,03-12-2025,5649,TRUE,Offline,70,46
807,816,2,2/28/2025,04-10-2025,14092,FALSE,Online,682,26
808,18,4,04-04-2024,06-10-2024,11417,FALSE,Hybrid,767,555
809,949,1,8/17/2024,9/17/2024,13146,FALSE,Online,667,669
810,365,4,07-05-2023,9/16/2023,17914,FALSE,Online,191,436
811,634,4,5/15/2023,7/21/2023,11840,FALSE,Hybrid,211,48
812,424,3,12/27/2023,2/20/2024,16514,TRUE,Hybrid,341,164
813,692,3,1/15/2023,04-04-2023,10057,TRUE,Hybrid,750,387
814,129,2,06-07-2024,8/22/2024,9220,TRUE,Online,787,860
815,399,1,6/30/2024,9/25/2024,5404,FALSE,Offline,69,54
816,712,1,6/29/2024,9/21/2024,9539,TRUE,Offline,812,652
817,960,3,10/13/2024,11/14/2024,14881,TRUE,Online,504,307
818,214,4,9/19/2024,11/17/2024,8422,TRUE,Hybrid,658,103
819,395,1,02-08-2025,4/29/2025,15933,FALSE,Online,35,283
820,692,3,01-09-2025,2/27/2025,5346,TRUE,Offline,664,630
821,972,5,11-04-2023,1/21/2024,11960,FALSE,Offline,596,321
822,562,4,03-09-2025,5/22/2025,16846,TRUE,Offline,317,204
823,396,2,12/30/2024,3/29/2025,10589,FALSE,Online,288,711
824,796,2,8/18/2023,9/25/2023,17747,FALSE,Offline,934,366
825,466,5,5/29/2024,7/26/2024,11015,TRUE,Hybrid,560,156
826,738,5,7/14/2023,09-01-2023,16464,FALSE,Online,213,269
827,42,4,09-06-2023,11-06-2023,17252,FALSE,Hybrid,447,639
828,228,4,5/18/2023,6/28/2023,9855,FALSE,Online,948,881
829,696,5,10/16/2023,01-04-2024,7441,TRUE,Offline,966,916
830,159,1,2/27/2023,4/29/2023,13876,FALSE,Offline,227,403
831,460,4,1/20/2025,04-10-2025,6377,TRUE,Online,33,891
832,473,2,2/20/2023,04-02-2023,9029,FALSE,Hybrid,567,777
833,37,5,2/23/2024,05-03-2024,15041,TRUE,Online,208,979
834,944,3,2/27/2025,4/16/2025,14083,FALSE,Offline,529,778
835,948,4,08-08-2023,10/23/2023,6595,FALSE,Online,715,313
836,633,4,11/14/2024,12/21/2024,5389,FALSE,Online,614,987
837,934,1,10-05-2024,11/25/2024,17520,TRUE,Offline,292,68
838,398,2,5/14/2024,08-07-2024,12205,FALSE,Offline,888,857
839,60,1,08-10-2023,10/14/2023,14880,FALSE,Online,522,392
840,375,2,08-04-2024,10-11-2024,9143,TRUE,Offline,522,254
841,513,3,11-12-2023,12/17/2023,9193,FALSE,Online,663,847
842,484,3,06-03-2024,08-03-2024,18914,FALSE,Hybrid,389,41
843,112,5,10-01-2023,11-12-2023,15210,TRUE,Hybrid,982,375
844,903,4,9/25/2023,11/24/2023,17798,TRUE,Online,705,492
845,347,2,2/26/2023,5/16/2023,9286,TRUE,Hybrid,771,907
846,612,4,06-03-2024,7/30/2024,7842,TRUE,Offline,363,704
847,47,4,3/16/2023,4/16/2023,12992,TRUE,Offline,283,424
848,223,5,3/15/2023,4/20/2023,9639,FALSE,Online,851,58
849,253,4,02-03-2023,4/24/2023,12545,FALSE,Offline,349,576
850,693,4,11/27/2023,01-09-2024,12374,FALSE,Offline,426,726
851,129,1,12/26/2024,2/28/2025,6626,TRUE,Online,540,776
852,448,4,09-01-2024,11/24/2024,15836,FALSE,Offline,183,682
853,436,1,06-01-2024,8/24/2024,7961,FALSE,Online,510,196
854,909,4,4/17/2023,07-10-2023,17543,FALSE,Hybrid,695,839
855,721,2,2/24/2025,5/20/2025,12803,TRUE,Offline,934,898
856,49,2,1/29/2023,4/21/2023,8548,TRUE,Offline,788,401
857,601,3,05-08-2023,06-08-2023,10418,TRUE,Offline,645,648
858,138,2,10-01-2024,12/18/2024,6396,FALSE,Online,187,242
859,380,5,3/15/2024,06-12-2024,8046,FALSE,Offline,408,31
860,289,2,01-01-2025,02-09-2025,16070,TRUE,Hybrid,369,940
861,166,4,06-03-2023,7/22/2023,18175,FALSE,Online,961,47
862,683,3,04-05-2024,5/17/2024,8548,FALSE,Offline,399,991
863,432,1,4/30/2023,07-01-2023,14577,FALSE,Online,202,426
864,482,5,08-07-2024,10/25/2024,6394,TRUE,Offline,103,473
865,909,4,1/19/2024,3/17/2024,15104,TRUE,Hybrid,746,374
866,935,3,9/14/2024,10/26/2024,10853,FALSE,Hybrid,158,478
867,342,3,02-08-2025,3/20/2025,10206,FALSE,Online,292,147
868,886,3,03-09-2025,04-11-2025,7145,TRUE,Online,976,433
869,309,1,4/22/2023,6/23/2023,18342,FALSE,Hybrid,650,920
870,604,2,4/27/2024,7/18/2024,16023,TRUE,Online,363,664
871,307,2,3/26/2024,5/17/2024,5919,FALSE,Offline,88,142
872,673,3,03-02-2023,4/18/2023,16883,TRUE,Offline,90,881
873,28,2,01-12-2025,2/27/2025,15672,FALSE,Hybrid,109,886
874,109,2,5/31/2023,8/20/2023,7447,TRUE,Offline,845,987
875,124,2,03-09-2023,5/26/2023,17194,FALSE,Online,548,810
876,850,4,1/19/2024,3/26/2024,19833,TRUE,Online,134,3
877,637,2,12/29/2023,2/24/2024,12688,TRUE,Online,405,410
878,291,4,09-08-2023,10/28/2023,8149,TRUE,Offline,238,360
879,636,5,07-06-2023,9/25/2023,6690,FALSE,Online,176,425
880,160,2,5/24/2023,07-07-2023,9426,TRUE,Hybrid,361,962
881,471,3,11/22/2023,2/14/2024,16488,FALSE,Hybrid,125,29
882,196,3,03-03-2023,04-09-2023,16611,TRUE,Offline,901,788
883,263,3,10-02-2023,12/25/2023,18258,FALSE,Online,270,96
884,146,2,08-02-2023,10-09-2023,10863,FALSE,Online,668,312
885,47,4,5/25/2023,07-11-2023,15023,FALSE,Online,335,437
886,566,5,10/23/2023,11/24/2023,13083,TRUE,Offline,273,342
887,355,3,9/14/2023,12-10-2023,11891,TRUE,Online,961,636
888,582,2,01-07-2025,03-01-2025,19321,TRUE,Hybrid,61,814
889,566,1,12/16/2023,02-09-2024,17322,TRUE,Online,562,911
890,707,1,1/17/2024,04-03-2024,14710,TRUE,Offline,189,94
891,985,2,1/16/2023,2/26/2023,17802,FALSE,Hybrid,348,841
892,915,1,6/27/2024,9/24/2024,5310,TRUE,Hybrid,568,674
893,485,3,6/23/2024,8/13/2024,12928,FALSE,Hybrid,53,658
894,925,1,2/21/2025,3/24/2025,14341,TRUE,Online,409,969
895,853,5,04-05-2023,06-06-2023,5193,TRUE,Offline,888,805
896,222,2,7/21/2024,8/30/2024,8302,TRUE,Hybrid,336,208
897,247,2,10/15/2023,12/22/2023,7877,FALSE,Hybrid,270,735
898,187,2,10-03-2023,11/20/2023,15039,TRUE,Hybrid,681,641
899,144,1,10/18/2024,01-11-2025,8710,FALSE,Online,177,509
900,845,5,03-02-2024,05-08-2024,17410,FALSE,Online,108,281
901,7,4,3/24/2023,06-03-2023,11076,FALSE,Online,769,819
902,700,1,11/16/2023,1/31/2024,7651,TRUE,Hybrid,13,933
903,786,1,08-01-2023,10/24/2023,8787,TRUE,Hybrid,675,143
904,613,3,05-07-2024,06-06-2024,5358,TRUE,Offline,24,887
905,660,4,10-10-2024,12/28/2024,7972,FALSE,Offline,89,887
906,705,3,8/27/2024,11-04-2024,16448,TRUE,Online,333,144
907,628,4,9/24/2024,11-02-2024,14548,FALSE,Offline,143,42
908,99,1,7/22/2023,10/20/2023,12537,FALSE,Offline,639,976
909,175,2,12-04-2023,01-10-2024,17764,FALSE,Hybrid,650,795
910,903,3,10/24/2024,01-01-2025,18144,FALSE,Offline,788,754
911,136,4,02-05-2023,05-04-2023,7427,FALSE,Online,792,144
912,538,3,11/20/2024,1/20/2025,8718,TRUE,Hybrid,151,956
913,992,1,02-10-2025,04-01-2025,5672,TRUE,Offline,971,593
914,522,1,9/27/2023,12-11-2023,12093,FALSE,Offline,724,830
915,391,5,9/17/2023,12-10-2023,13894,FALSE,Offline,333,946
916,554,5,2/23/2024,04-03-2024,10155,TRUE,Online,458,647
917,231,5,4/20/2023,07-09-2023,16764,TRUE,Online,395,617
918,910,2,1/31/2023,4/23/2023,5828,FALSE,Hybrid,762,17
919,953,2,03-10-2024,05-04-2024,6373,TRUE,Online,580,656
920,31,1,10/26/2024,11/26/2024,9305,FALSE,Offline,32,185
921,549,5,7/14/2024,9/20/2024,12679,TRUE,Offline,423,549
922,739,5,02-06-2023,3/19/2023,13825,FALSE,Online,32,747
923,965,3,7/31/2023,9/21/2023,8901,FALSE,Hybrid,253,465
924,75,5,4/14/2024,5/20/2024,9309,FALSE,Offline,707,326
925,916,1,06-12-2023,8/17/2023,9180,FALSE,Offline,173,985
926,659,1,02-10-2024,3/14/2024,6547,FALSE,Hybrid,42,396
927,645,5,06-07-2024,7/30/2024,12873,TRUE,Offline,931,568
928,953,2,9/15/2023,12-10-2023,14311,TRUE,Hybrid,373,113
929,309,3,8/31/2024,11-05-2024,6488,FALSE,Offline,25,422
930,96,2,8/13/2023,10-10-2023,5960,FALSE,Online,136,950
931,850,2,08-07-2024,9/17/2024,5475,TRUE,Online,795,212
932,175,4,08-02-2024,9/18/2024,7318,FALSE,Online,770,583
933,29,5,9/26/2023,12/23/2023,7935,TRUE,Online,530,713
934,543,5,1/13/2025,2/27/2025,15733,TRUE,Hybrid,879,687
935,267,1,12-10-2024,03-06-2025,11485,FALSE,Online,425,337
936,793,4,11/24/2024,1/16/2025,17619,FALSE,Online,169,834
937,594,5,1/27/2023,3/28/2023,8301,FALSE,Offline,777,825
938,404,4,01-11-2025,04-08-2025,5961,FALSE,Online,270,813
939,961,4,3/25/2023,06-10-2023,12281,FALSE,Hybrid,774,66
940,61,5,4/24/2023,5/28/2023,18528,TRUE,Hybrid,292,277
941,378,3,7/17/2023,10-05-2023,18679,FALSE,Hybrid,152,921
942,76,4,1/28/2023,4/22/2023,11992,FALSE,Offline,640,21
943,719,4,8/16/2023,10/19/2023,15944,FALSE,Offline,290,219
944,852,2,4/14/2023,6/25/2023,10338,TRUE,Offline,422,518
945,921,4,01-10-2023,03-06-2023,8296,TRUE,Hybrid,597,51
946,472,3,7/19/2023,9/13/2023,17438,FALSE,Online,132,661
947,178,1,08-09-2023,11-07-2023,18841,TRUE,Hybrid,587,157
948,776,3,7/22/2024,10-09-2024,17939,TRUE,Online,272,639
949,271,2,01-06-2025,3/25/2025,7353,FALSE,Hybrid,884,544
950,392,3,12/18/2023,2/19/2024,16243,FALSE,Offline,121,90
951,503,1,7/21/2024,09-11-2024,12777,TRUE,Hybrid,68,274
952,377,1,9/15/2024,10/24/2024,15741,FALSE,Hybrid,194,470
953,483,2,08-01-2023,9/24/2023,19708,TRUE,Online,221,463
954,942,1,2/20/2024,3/24/2024,17573,FALSE,Offline,2,292
955,403,4,8/21/2024,10/16/2024,16021,TRUE,Hybrid,559,641
956,1000,5,9/29/2023,11-05-2023,10700,TRUE,Offline,329,339
957,771,4,02-09-2023,4/16/2023,13326,TRUE,Online,908,376
958,55,3,11/24/2023,01-01-2024,5624,FALSE,Hybrid,788,29
959,784,2,3/14/2025,4/22/2025,16423,TRUE,Hybrid,389,638
960,74,3,12-09-2024,2/21/2025,15946,FALSE,Offline,566,950
961,971,5,7/30/2024,10/21/2024,6554,TRUE,Hybrid,632,299
962,795,4,12-04-2024,2/16/2025,18623,FALSE,Hybrid,839,588
963,331,4,11/26/2024,02-12-2025,17758,FALSE,Online,224,73
964,196,1,02-11-2023,4/22/2023,19838,TRUE,Online,891,210
965,513,5,01-12-2025,2/21/2025,13428,TRUE,Hybrid,260,679
966,178,4,10-02-2024,11-03-2024,13598,FALSE,Offline,829,171
967,171,3,09-09-2023,10/29/2023,11789,TRUE,Offline,356,181
968,140,1,3/16/2025,05-11-2025,18883,TRUE,Offline,848,729
969,613,1,05-05-2024,7/31/2024,15963,TRUE,Hybrid,520,216
970,79,2,10/27/2024,01-01-2025,17449,TRUE,Offline,56,574
971,839,5,12-05-2023,1/23/2024,7367,TRUE,Hybrid,333,798
972,236,1,08-12-2024,10-10-2024,19095,TRUE,Hybrid,841,218
973,970,4,04-08-2023,06-09-2023,6236,FALSE,Hybrid,292,37
974,466,4,07-05-2024,8/25/2024,5837,TRUE,Offline,991,847
975,75,3,05-06-2023,07-02-2023,11809,FALSE,Online,224,933
976,437,4,5/17/2023,7/15/2023,13665,TRUE,Offline,48,444
977,237,1,05-11-2024,07-03-2024,7548,FALSE,Offline,909,679
978,170,3,3/14/2025,5/17/2025,16321,TRUE,Hybrid,214,887
979,391,1,09-12-2023,10/13/2023,6948,FALSE,Online,1000,835
980,867,3,3/20/2024,5/26/2024,13030,TRUE,Offline,750,901
981,857,2,4/27/2024,07-04-2024,14498,FALSE,Hybrid,263,639
982,411,5,9/23/2023,12/22/2023,9608,FALSE,Hybrid,789,732
983,521,2,7/13/2024,8/23/2024,6675,FALSE,Hybrid,639,25
984,740,1,3/27/2023,6/18/2023,7504,FALSE,Offline,256,296
985,924,2,06-10-2024,7/31/2024,16938,FALSE,Online,131,371
986,433,1,10/26/2024,12/19/2024,17806,FALSE,Hybrid,475,883
987,839,3,2/28/2025,4/16/2025,6992,TRUE,Hybrid,428,783
988,216,1,4/15/2024,6/24/2024,14884,FALSE,Offline,443,510
989,798,4,4/28/2024,6/16/2024,7829,FALSE,Hybrid,985,209
990,874,4,2/23/2025,5/14/2025,15135,FALSE,Offline,804,46
991,230,1,1/22/2025,3/20/2025,12956,TRUE,Hybrid,283,114
992,749,1,6/18/2023,7/26/2023,12400,FALSE,Hybrid,20,980
993,566,2,3/13/2023,4/13/2023,15963,FALSE,Online,417,555
994,489,1,06-12-2024,7/14/2024,12416,TRUE,Offline,106,554
995,193,3,11/28/2024,2/15/2025,16803,TRUE,Hybrid,844,83
996,624,4,02-01-2025,03-09-2025,18169,FALSE,Offline,593,796
997,32,2,4/13/2024,5/25/2024,12382,TRUE,Online,845,488
998,508,3,08-01-2023,10/25/2023,19815,TRUE,Hybrid,584,984
999,618,1,3/29/2024,6/23/2024,19125,TRUE,Hybrid,198,507
1000,789,3,7/25/2023,8/31/2023,10894,FALSE,Offline,364,911
