GTS_USER_EDUCATION_ID,GTS_USER_ID,GTS_USER_DEGREE_ID,GTS_USER_DEGREE_INSTITUTE_ID,GTS_USER_OTHER_INSTITUTE,GTS_USER_DEGREE_CITY_ID,GTS_USER_DEGREE_COUNTRY_ID,GTS_USER_DEGREE_START_DATE,GTS_USER_DEGREE_END_DATE,GTS_USER_DEGREE_MARKS_PERCENTAGE,GTS_USER_DEGREE_GRADE
1,676,417,618,,859,63,11/24/2012,11/24/2014,59.65,A+
2,707,217,948,,796,542,3/28/2012,3/28/2017,71.06,A+
3,134,617,822,,315,54,11/15/2006,11/15/2010,55.94,C
4,790,104,,Other Institute Name,370,119,8/29/2007,8/29/2009,63.52,B+
5,744,994,,Other Institute Name,831,15,04-03-2018,04-03-2021,51.54,A
6,288,369,288,,380,403,04-12-2009,04-12-2014,58.76,B+
7,837,222,734,,394,317,10-10-2019,10-10-2022,71.4,D
8,302,997,551,,192,554,2/20/2016,2/20/2021,83.97,B+
9,810,111,,Other Institute Name,122,398,12-04-2016,12-04-2021,75.46,C
10,978,556,523,,335,440,12-06-2017,12-06-2021,62.5,A
11,686,623,865,,423,780,12-10-2013,12-10-2018,79.53,B+
12,291,98,120,,182,22,08-11-2005,08-11-2009,97.53,C+
13,933,707,,Other Institute Name,140,839,7/14/2011,7/14/2015,65.89,C+
14,340,559,747,,392,85,5/19/2019,5/19/2024,74.1,C
15,137,311,697,,1000,93,4/25/2014,4/25/2018,50.1,A
16,781,205,878,,60,418,09-09-2011,09-09-2016,76.96,B+
17,113,941,983,,839,72,06-12-2012,06-12-2016,85.37,A
18,565,688,38,,916,178,04-10-2007,04-10-2012,56.45,A
19,793,671,57,,67,302,07-12-2014,07-12-2016,64.47,B
20,587,45,343,,962,366,2/13/2006,2/13/2008,86.47,A
21,70,689,,Other Institute Name,675,464,9/30/2005,9/30/2008,89.75,F
22,158,633,316,,95,674,11-06-2013,11-06-2017,58.86,A
23,974,234,843,,547,60,5/17/2010,5/17/2014,54.62,A
24,466,804,97,,315,929,04-01-2010,04-01-2014,75.09,D
25,766,736,111,,500,685,5/21/2012,5/21/2016,61.47,F
26,696,750,,Other Institute Name,251,35,12/17/2017,12/17/2019,95.8,A+
27,135,729,955,,519,915,12/28/2019,12/28/2021,76.97,D
28,398,646,431,,202,802,9/15/2005,9/15/2010,54,B+
29,471,465,314,,814,922,02-09-2005,02-09-2008,82.41,C
30,191,817,,Other Institute Name,897,582,6/18/2005,6/18/2007,79.44,D
31,748,743,434,,627,94,12-04-2012,12-04-2015,90.37,A
32,376,343,335,,83,951,4/27/2006,4/27/2011,83.22,D
33,837,947,919,,997,673,12-11-2010,12-11-2014,74.69,B
34,702,312,,Other Institute Name,914,282,12/16/2010,12/16/2012,68.07,A+
35,774,835,967,,258,269,10/22/2018,10/22/2023,91.29,F
36,667,843,18,,725,163,08-03-2017,08-03-2020,53.84,C+
37,822,884,,Other Institute Name,632,233,10-05-2016,10-05-2018,80.53,D
38,810,589,390,,165,755,09-12-2013,09-12-2015,52.98,D
39,488,729,761,,595,213,2/22/2013,2/22/2017,71.51,F
40,449,845,435,,550,635,08-10-2016,08-10-2020,66.55,A+
41,828,680,,Other Institute Name,512,149,12/14/2008,12/14/2012,66.94,F
42,245,374,477,,146,973,8/30/2018,8/30/2021,95.7,B+
43,932,508,443,,268,629,10-11-2017,10-11-2021,61.73,B+
44,354,422,644,,959,561,03-01-2015,03-01-2017,91.63,D
45,725,207,545,,22,770,01-08-2006,01-08-2011,56.96,C+
46,986,901,519,,648,197,9/26/2014,9/26/2016,70.72,A
47,453,615,,Other Institute Name,252,92,02-10-2011,02-10-2014,56.97,A
48,797,471,417,,877,417,10/20/2014,10/20/2017,61.37,F
49,216,720,61,,702,847,11/16/2010,11/16/2013,67.7,C
50,215,69,925,,385,216,7/21/2008,7/21/2010,97.92,A
51,731,743,782,,911,648,08-04-2009,08-04-2012,70.99,B
52,753,947,255,,977,712,5/25/2006,5/25/2009,65.73,A
53,435,333,,Other Institute Name,941,587,01-08-2010,01-08-2012,50.78,C+
54,4,149,,Other Institute Name,699,888,08-02-2014,08-02-2016,86.99,B
55,202,141,489,,472,932,6/17/2009,6/17/2011,92.5,C+
56,700,861,690,,821,499,6/22/2007,6/22/2011,63.6,C+
57,363,392,433,,643,942,01-11-2012,01-11-2017,58.63,B+
58,886,694,140,,622,966,8/27/2011,8/27/2016,98.99,D
59,928,618,671,,609,70,3/24/2009,3/24/2013,75.8,C+
60,386,732,868,,611,358,1/13/2009,1/13/2012,97.77,B+
61,308,890,,Other Institute Name,563,874,3/15/2017,3/15/2022,74.69,A
62,677,33,290,,989,600,12-11-2009,12-11-2012,62.06,A+
63,72,102,776,,889,389,12/27/2006,12/27/2009,90.08,F
64,904,169,241,,980,507,10/20/2012,10/20/2014,79.08,A
65,3,402,488,,176,890,01-04-2019,01-04-2023,60.8,C+
66,38,592,,Other Institute Name,934,564,09-10-2012,09-10-2015,75.88,C
67,542,874,627,,876,275,6/21/2013,6/21/2017,69.67,D
68,643,292,907,,523,703,3/24/2006,3/24/2011,61.54,A
69,583,36,677,,293,378,07-02-2017,07-02-2019,50.94,D
70,574,495,383,,249,253,12/29/2006,12/29/2011,93.62,A
71,81,717,176,,631,772,3/24/2008,3/24/2010,95.08,C+
72,348,606,,Other Institute Name,950,277,12/31/2006,12/31/2009,60.66,A+
73,396,125,163,,283,590,6/27/2009,6/27/2011,89.83,C
74,748,268,991,,214,324,6/20/2014,6/20/2019,99.46,C+
75,254,798,,Other Institute Name,176,226,11/20/2015,11/20/2017,95.23,C
76,995,509,757,,313,447,7/24/2006,7/24/2009,72.27,B
77,379,350,365,,343,406,2/14/2005,2/14/2009,82.7,C+
78,971,178,,Other Institute Name,323,768,10/29/2013,10/29/2016,79.74,B+
79,66,156,,Other Institute Name,196,462,3/23/2006,3/23/2011,74.54,C
80,757,342,684,,970,858,7/25/2005,7/25/2009,89.36,B
81,509,641,171,,898,576,2/29/2016,2/28/2019,93.9,A+
82,463,670,,Other Institute Name,130,711,6/21/2014,6/21/2018,62.08,B
83,925,524,884,,378,535,6/20/2015,6/20/2018,89.38,A+
84,107,902,527,,7,406,12-08-2019,12-08-2023,58.54,F
85,715,645,766,,131,949,08-02-2019,08-02-2023,90.79,C+
86,652,466,,Other Institute Name,351,583,12/13/2013,12/13/2017,50.12,B+
87,668,695,702,,737,674,2/13/2015,2/13/2019,83.06,B+
88,762,474,,Other Institute Name,163,370,06-09-2012,06-09-2014,55.14,B+
89,182,491,375,,3,842,7/20/2009,7/20/2014,58.44,A+
90,813,388,846,,92,515,5/26/2014,5/26/2019,92.02,B
91,285,410,266,,126,32,4/29/2019,4/29/2021,83.56,D
92,535,405,,Other Institute Name,54,981,3/15/2008,3/15/2012,82.71,A+
93,42,749,782,,772,865,9/29/2009,9/29/2014,53.98,A
94,550,102,551,,396,828,10-11-2016,10-11-2020,64.1,C
95,87,97,734,,921,862,12-10-2010,12-10-2012,97.2,C+
96,72,506,579,,261,428,8/18/2016,8/18/2021,93.58,C+
97,680,970,,Other Institute Name,916,804,12/29/2007,12/29/2009,77.94,B+
98,891,755,88,,26,596,7/29/2014,7/29/2018,60,C+
99,962,556,323,,608,703,1/20/2014,1/20/2017,77.65,B+
100,286,941,538,,539,297,02-07-2010,02-07-2015,79.1,D
101,753,394,293,,649,867,11/14/2012,11/14/2017,94.24,C+
102,576,212,603,,780,520,6/26/2017,6/26/2020,54.63,C
103,317,224,634,,457,372,6/29/2007,6/29/2010,92.5,A+
104,32,440,111,,632,235,09-09-2005,09-09-2009,63.61,B
105,371,499,,Other Institute Name,311,930,10/21/2010,10/21/2013,54.01,D
106,863,391,433,,731,542,11/22/2014,11/22/2018,64.07,C+
107,124,489,928,,243,102,10-10-2017,10-10-2022,95.4,D
108,330,164,774,,540,615,06-07-2016,06-07-2020,80.13,C
109,822,271,,Other Institute Name,454,835,8/13/2007,8/13/2009,85.04,C
110,913,13,75,,260,279,10-11-2013,10-11-2017,66.88,C+
111,705,635,426,,685,995,10/18/2014,10/18/2019,91.37,A
112,220,898,664,,6,450,12/25/2011,12/25/2014,84.64,C+
113,765,876,,Other Institute Name,372,185,10/30/2012,10/30/2017,70.57,D
114,69,329,692,,845,882,05-01-2005,05-01-2008,55.92,C
115,120,845,,Other Institute Name,386,256,10/22/2016,10/22/2018,77.13,D
116,367,910,58,,129,94,6/24/2010,6/24/2014,96.94,A
117,679,758,695,,788,185,7/28/2008,7/28/2010,96.15,A
118,57,508,,Other Institute Name,978,89,6/15/2014,6/15/2019,52.56,F
119,306,672,,Other Institute Name,637,108,06-01-2011,06-01-2014,69.36,C
120,837,206,556,,984,329,12-01-2006,12-01-2009,87.24,F
121,321,255,198,,853,122,6/13/2011,6/13/2016,62.24,B+
122,930,880,783,,813,328,2/27/2005,2/27/2010,99.4,C
123,588,935,,Other Institute Name,530,616,6/22/2017,6/22/2022,51.26,C
124,438,505,,Other Institute Name,628,430,10-08-2015,10-08-2019,53.54,C+
125,216,910,639,,276,120,02-08-2008,02-08-2010,83.13,D
126,27,262,,Other Institute Name,11,176,01-02-2014,01-02-2017,93.51,B+
127,43,1000,703,,495,634,6/24/2017,6/24/2021,82.32,B
128,51,621,346,,901,926,02-06-2018,02-06-2020,52.27,A+
129,222,120,352,,47,51,1/20/2015,1/20/2017,93.92,C
130,36,439,365,,132,361,4/19/2019,4/19/2023,56.86,C
131,733,619,590,,294,500,12/20/2008,12/20/2011,79.18,A
132,232,613,43,,373,399,12/13/2013,12/13/2017,57.97,A
133,190,101,,Other Institute Name,248,662,3/30/2010,3/30/2014,82.74,F
134,125,453,,Other Institute Name,958,761,7/24/2006,7/24/2011,68.52,A+
135,217,927,841,,38,381,12/20/2019,12/20/2023,51.85,F
136,854,568,941,,850,177,03-07-2016,03-07-2019,96.12,D
137,494,413,561,,63,561,02-03-2009,02-03-2013,77.97,B+
138,413,430,152,,986,656,10-02-2013,10-02-2018,66.82,B
139,35,332,,Other Institute Name,515,117,10-02-2009,10-02-2012,57.74,C
140,774,885,,Other Institute Name,104,558,6/21/2016,6/21/2020,71.61,A+
141,201,204,709,,444,350,7/23/2017,7/23/2021,98.95,D
142,372,89,286,,637,41,04-04-2017,04-04-2021,87.99,B+
143,312,669,641,,817,212,03-01-2014,03-01-2017,74.81,B
144,855,695,434,,821,306,03-01-2013,03-01-2016,85.05,B
145,615,622,309,,234,132,04-03-2019,04-03-2022,59.21,A
146,449,53,,Other Institute Name,643,966,5/18/2017,5/18/2022,88.9,C+
147,945,744,582,,615,413,03-09-2013,03-09-2016,79.32,D
148,394,563,630,,426,272,05-02-2009,05-02-2012,74.41,C+
149,552,392,,Other Institute Name,381,115,9/17/2007,9/17/2009,60.22,B+
150,162,372,106,,15,140,11-07-2018,11-07-2020,91.2,F
151,60,533,,Other Institute Name,867,630,9/30/2005,9/30/2010,69.95,A
152,72,941,777,,875,906,07-11-2005,07-11-2009,73.95,C
153,357,691,484,,327,609,5/22/2005,5/22/2009,96.35,C
154,467,990,367,,248,182,8/13/2019,8/13/2024,96.45,C
155,530,211,752,,36,139,02-08-2009,02-08-2012,82.61,B+
156,25,977,377,,888,272,06-05-2011,06-05-2016,60.09,B+
157,68,770,194,,972,424,8/29/2007,8/29/2009,93.53,A+
158,197,872,116,,349,865,02-03-2008,02-03-2012,92.64,B+
159,643,915,,Other Institute Name,408,967,8/26/2015,8/26/2020,57.63,C
160,961,812,102,,376,176,01-05-2005,01-05-2008,73.92,B
161,24,163,317,,705,789,10-12-2014,10-12-2018,90.9,B+
162,415,848,,Other Institute Name,620,321,9/21/2019,9/21/2022,73.52,C+
163,446,679,850,,26,178,04-05-2013,04-05-2016,53.09,B+
164,83,79,930,,94,650,04-12-2011,04-12-2015,76.84,F
165,399,811,473,,541,601,11-06-2018,11-06-2020,70.36,B
166,915,957,7,,696,370,1/13/2005,1/13/2010,63.96,F
167,174,184,531,,857,689,6/19/2005,6/19/2009,98.66,D
168,308,584,,Other Institute Name,649,347,03-04-2011,03-04-2014,57.78,C
169,112,824,,Other Institute Name,410,351,6/17/2019,6/17/2024,59.38,F
170,543,59,48,,571,55,9/15/2012,9/15/2015,79.59,B
171,965,534,156,,283,809,4/30/2006,4/30/2010,91.85,A
172,736,356,,Other Institute Name,267,870,03-09-2012,03-09-2015,84.07,B
173,747,533,54,,489,576,10-12-2010,10-12-2014,59.02,D
174,959,780,142,,543,464,4/19/2010,4/19/2014,94.03,A+
175,638,760,,Other Institute Name,11,637,3/15/2007,3/15/2009,93.86,B+
176,369,619,645,,826,169,12/17/2017,12/17/2021,86.16,F
177,186,471,,Other Institute Name,77,175,4/15/2006,4/15/2010,56.98,C+
178,322,362,,Other Institute Name,870,845,03-06-2017,03-06-2019,55.73,A
179,218,72,711,,126,436,01-08-2019,01-08-2022,61.86,A+
180,146,585,882,,148,156,5/23/2009,5/23/2014,63.11,A+
181,498,225,623,,657,737,04-03-2014,04-03-2017,57.96,B
182,790,352,,Other Institute Name,167,382,9/16/2008,9/16/2011,93.37,B+
183,584,190,640,,618,483,1/31/2019,1/31/2023,99.36,D
184,596,940,611,,612,820,11/27/2009,11/27/2012,63.87,A+
185,624,453,978,,816,373,11/13/2007,11/13/2011,50.99,B
186,814,580,433,,132,787,10/28/2012,10/28/2016,81.34,A
187,969,867,725,,875,494,04-09-2019,04-09-2024,68.69,A
188,639,20,679,,616,714,12/25/2018,12/25/2020,82.44,A+
189,444,319,708,,320,871,9/18/2010,9/18/2014,88.58,B+
190,961,571,711,,927,997,9/21/2006,9/21/2010,89.51,C+
191,564,462,729,,903,963,10/26/2014,10/26/2016,62.74,C+
192,172,161,959,,121,238,4/21/2011,4/21/2016,94.3,D
193,296,37,517,,269,462,04-06-2015,04-06-2019,52.97,A
194,97,792,378,,124,575,4/25/2005,4/25/2007,93.14,C
195,852,699,571,,197,188,1/21/2016,1/21/2018,57.02,B
196,987,104,875,,726,139,2/23/2018,2/23/2021,69.41,B+
197,856,595,,Other Institute Name,365,109,08-01-2011,08-01-2016,79.68,C+
198,31,429,868,,129,189,11/20/2010,11/20/2012,76.48,B
199,234,831,19,,323,250,5/21/2017,5/21/2019,73.01,C
200,997,544,391,,887,722,1/21/2012,1/21/2016,75.75,A
201,371,370,,Other Institute Name,940,31,2/28/2014,2/28/2019,81.76,B
202,797,625,,Other Institute Name,181,477,02-04-2006,02-04-2011,59.43,B+
203,943,928,868,,380,146,5/28/2008,5/28/2013,93.28,A+
204,559,470,690,,456,567,9/21/2012,9/21/2014,56.45,D
205,711,11,30,,357,372,3/31/2015,3/31/2019,73.28,A+
206,604,2,402,,242,770,12-01-2007,12-01-2012,70.44,C+
207,783,331,451,,608,664,05-01-2015,05-01-2020,72,B+
208,597,961,,Other Institute Name,151,806,2/27/2013,2/27/2016,77.66,F
209,150,940,,Other Institute Name,196,588,7/18/2008,7/18/2010,53.54,C+
210,283,784,,Other Institute Name,517,787,02-10-2011,02-10-2013,88.42,D
211,66,969,,Other Institute Name,509,921,6/18/2016,6/18/2020,50.48,A+
212,9,733,,Other Institute Name,154,617,8/29/2019,8/29/2022,89.28,C+
213,938,888,,Other Institute Name,263,251,04-05-2017,04-05-2021,79.05,C
214,70,537,920,,276,368,10-06-2014,10-06-2017,80.5,D
215,841,798,197,,313,764,03-06-2018,03-06-2023,77.99,A
216,541,746,515,,935,839,03-07-2013,03-07-2017,52.26,A
217,760,940,59,,802,610,11/27/2014,11/27/2019,86.37,A
218,921,350,,Other Institute Name,813,109,7/30/2005,7/30/2009,96.17,C+
219,182,261,602,,136,643,8/14/2005,8/14/2010,92.28,D
220,230,510,,Other Institute Name,646,441,12-06-2006,12-06-2009,56.19,B+
221,234,669,201,,331,808,8/19/2008,8/19/2013,91.73,B+
222,186,31,288,,514,777,2/14/2014,2/14/2019,65.7,A+
223,791,513,321,,325,613,12-07-2012,12-07-2017,93.67,A+
224,955,612,675,,989,961,7/15/2014,7/15/2016,65.6,A
225,478,78,,Other Institute Name,57,275,4/20/2006,4/20/2010,77.06,C+
226,861,32,970,,587,447,3/24/2010,3/24/2015,95.15,C+
227,425,551,31,,945,544,11-04-2008,11-04-2013,76.1,A+
228,391,791,483,,127,373,04-01-2016,04-01-2019,56.95,F
229,91,128,344,,862,985,11/18/2005,11/18/2007,69.61,F
230,295,89,120,,19,665,10-02-2015,10-02-2019,57.88,C
231,751,466,871,,938,544,09-08-2006,09-08-2011,77.17,C
232,8,484,,Other Institute Name,580,370,3/19/2006,3/19/2008,81.91,A+
233,689,134,700,,779,769,4/22/2016,4/22/2019,55.01,C
234,696,393,,Other Institute Name,33,421,11-09-2013,11-09-2018,71.63,B
235,68,197,,Other Institute Name,504,139,03-02-2012,03-02-2017,86.03,C+
236,356,52,798,,920,227,02-11-2017,02-11-2022,65.03,B
237,353,166,,Other Institute Name,414,45,02-02-2014,02-02-2017,97.4,C
238,873,443,819,,151,197,5/24/2013,5/24/2017,85.6,A
239,98,657,662,,921,20,12/15/2010,12/15/2013,61.97,A
240,199,592,621,,837,348,1/31/2011,1/31/2014,77.3,C
241,946,447,,Other Institute Name,808,101,6/26/2011,6/26/2014,70.11,A
242,89,866,,Other Institute Name,61,355,5/14/2011,5/14/2014,52.23,A+
243,932,333,,Other Institute Name,755,817,08-11-2012,08-11-2015,89.9,D
244,967,225,379,,444,41,09-09-2006,09-09-2008,97.02,D
245,280,97,598,,7,618,8/15/2011,8/15/2014,91.14,C
246,61,243,375,,30,558,9/30/2019,9/30/2024,94.12,B+
247,949,225,636,,705,709,01-06-2013,01-06-2017,91.89,F
248,461,373,893,,730,538,7/26/2018,7/26/2021,78.42,C
249,950,195,587,,870,377,12/14/2011,12/14/2014,80.13,A+
250,360,901,993,,55,707,12/20/2009,12/20/2012,63.87,A+
251,945,286,,Other Institute Name,154,22,1/15/2012,1/15/2016,61.16,C
252,928,206,,Other Institute Name,30,304,4/19/2012,4/19/2017,63.58,F
253,4,824,489,,519,762,08-09-2010,08-09-2015,97.29,F
254,163,999,819,,622,187,12/25/2016,12/25/2021,68.55,C
255,439,569,26,,503,712,05-08-2019,05-08-2022,87.95,A
256,319,831,680,,224,449,3/13/2017,3/13/2021,80.66,A
257,616,708,,Other Institute Name,698,234,5/25/2019,5/25/2021,87.23,D
258,861,594,447,,569,23,07-10-2005,07-10-2009,97.68,B+
259,819,77,114,,474,265,04-12-2016,04-12-2020,81.7,C+
260,290,288,,Other Institute Name,553,126,7/19/2009,7/19/2011,92.89,A+
261,304,119,452,,693,685,07-09-2011,07-09-2015,50.71,F
262,679,569,934,,490,462,11-03-2011,11-03-2015,60.8,C
263,830,571,690,,860,701,6/22/2005,6/22/2007,94.4,B
264,526,506,927,,77,625,12/18/2016,12/18/2019,63.59,D
265,783,405,458,,523,273,11-11-2014,11-11-2018,73.35,B+
266,200,481,642,,388,174,02-02-2009,02-02-2012,54.33,A+
267,51,888,786,,972,383,7/15/2013,7/15/2016,86.87,C
268,719,793,349,,555,774,9/24/2008,9/24/2011,80.5,C
269,813,228,664,,249,150,9/28/2011,9/28/2016,98.12,A+
270,417,747,,Other Institute Name,335,522,8/15/2019,8/15/2021,88.75,F
271,512,236,,Other Institute Name,777,188,12/16/2019,12/16/2021,72.19,A+
272,797,457,453,,308,412,7/17/2014,7/17/2017,91.63,A+
273,731,521,67,,714,679,02-08-2017,02-08-2021,70.26,C+
274,464,18,670,,929,880,11/14/2007,11/14/2011,58.77,B
275,622,795,918,,437,883,6/18/2017,6/18/2020,67.27,B
276,197,151,172,,196,797,11-05-2008,11-05-2011,69.29,D
277,5,873,124,,929,503,2/15/2006,2/15/2011,73.85,D
278,119,549,913,,852,203,10/31/2010,10/31/2012,98.95,B
279,931,869,9,,65,89,05-07-2017,05-07-2021,91.94,A+
280,863,968,,Other Institute Name,854,185,1/16/2011,1/16/2014,70.33,F
281,463,361,545,,155,213,02-05-2017,02-05-2020,78.9,A
282,43,294,108,,834,175,05-03-2005,05-03-2007,92.72,C+
283,161,879,,Other Institute Name,239,925,3/16/2009,3/16/2011,68.98,B+
284,772,578,343,,416,159,06-04-2017,06-04-2022,75.13,C
285,154,686,727,,358,841,11-05-2019,11-05-2022,85.43,A
286,454,608,,Other Institute Name,96,167,06-09-2009,06-09-2011,58.23,D
287,416,206,,Other Institute Name,692,474,6/23/2016,6/23/2018,99.78,C
288,173,418,614,,590,610,3/20/2005,3/20/2009,77.63,F
289,994,263,,Other Institute Name,739,224,1/30/2018,1/30/2021,78.6,B
290,800,76,425,,780,681,6/21/2014,6/21/2019,97.54,A
291,833,839,,Other Institute Name,652,890,04-06-2013,04-06-2015,72.62,C
292,711,15,890,,514,559,6/28/2016,6/28/2020,61.46,B+
293,930,823,565,,199,601,1/29/2007,1/29/2012,61.9,C
294,461,702,,Other Institute Name,686,195,4/23/2007,4/23/2012,55.04,B
295,587,420,647,,942,914,4/20/2012,4/20/2016,78.67,B
296,463,151,335,,695,167,9/16/2019,9/16/2024,70.37,D
297,840,801,157,,587,348,2/27/2018,2/27/2023,76.35,B+
298,712,153,583,,69,985,05-07-2008,05-07-2011,64.88,D
299,567,270,,Other Institute Name,889,211,2/23/2009,2/23/2012,99.34,C
300,47,388,462,,625,915,10/19/2009,10/19/2013,57.37,C
301,772,23,,Other Institute Name,304,205,10/16/2013,10/16/2015,99.16,A
302,147,504,489,,307,233,02-02-2013,02-02-2016,89.29,C+
303,45,485,898,,927,906,12/16/2013,12/16/2018,98.28,C
304,508,824,654,,492,710,3/13/2019,3/13/2022,64.55,D
305,655,444,642,,481,567,7/16/2017,7/16/2019,66.33,A+
306,458,396,,Other Institute Name,86,829,06-12-2011,06-12-2014,58.97,B
307,379,107,54,,951,543,12-08-2012,12-08-2014,55.94,A+
308,914,423,523,,212,186,02-11-2015,02-11-2018,81.32,C+
309,210,94,,Other Institute Name,166,450,02-02-2018,02-02-2020,54.53,D
310,825,701,973,,268,774,7/28/2010,7/28/2013,68.73,C+
311,650,916,,Other Institute Name,14,591,04-04-2014,04-04-2016,52.9,A
312,941,669,708,,375,121,03-08-2017,03-08-2019,62.44,C
313,558,842,792,,184,597,3/30/2012,3/30/2017,58.05,C+
314,513,886,767,,870,87,3/19/2019,3/19/2023,67.16,B
315,607,811,616,,383,157,11/28/2015,11/28/2017,73.94,B+
316,300,296,316,,772,338,11/14/2013,11/14/2015,89.8,C+
317,66,526,992,,696,996,10/13/2019,10/13/2023,50.84,A
318,644,834,580,,625,990,3/13/2008,3/13/2013,69.09,B
319,990,689,,Other Institute Name,193,491,4/14/2006,4/14/2010,57.64,C+
320,158,245,,Other Institute Name,734,808,3/14/2006,3/14/2009,75.71,D
321,348,265,,Other Institute Name,594,615,03-05-2012,03-05-2016,82.74,B
322,800,881,430,,331,914,9/18/2008,9/18/2011,68.26,D
323,123,295,919,,654,846,01-05-2011,01-05-2013,66.43,B+
324,431,322,672,,857,547,7/16/2013,7/16/2015,94.42,C+
325,52,949,523,,229,683,1/25/2008,1/25/2010,52.01,C+
326,449,310,202,,167,282,11/25/2011,11/25/2016,79.01,C
327,702,444,,Other Institute Name,707,800,11-08-2009,11-08-2013,92.94,D
328,761,560,936,,736,633,03-02-2013,03-02-2015,50.94,A
329,789,84,,Other Institute Name,385,10,12-11-2018,12-11-2023,79.35,A
330,150,603,590,,882,502,12/31/2013,12/31/2018,69.67,C+
331,333,914,576,,675,519,2/14/2006,2/14/2009,67.41,B
332,175,394,,Other Institute Name,394,977,04-09-2019,04-09-2023,79.79,C+
333,184,946,,Other Institute Name,846,979,11/13/2005,11/13/2009,89.86,A+
334,733,38,,Other Institute Name,132,822,04-01-2011,04-01-2016,99.96,F
335,545,871,822,,704,706,11/26/2011,11/26/2016,82.49,F
336,515,182,,Other Institute Name,503,671,04-12-2010,04-12-2012,70.36,C+
337,8,912,493,,886,224,8/29/2014,8/29/2019,64.03,A
338,43,639,,Other Institute Name,251,279,11-11-2008,11-11-2010,61.25,B+
339,100,521,528,,367,31,03-04-2017,03-04-2020,76.92,B+
340,44,152,385,,888,702,03-04-2006,03-04-2011,90.68,D
341,559,869,444,,475,21,10/13/2006,10/13/2010,87.94,C
342,790,37,,Other Institute Name,981,703,10-06-2007,10-06-2010,77.94,C+
343,777,391,,Other Institute Name,137,685,02-01-2009,02-01-2012,53.01,A+
344,629,439,620,,351,380,01-08-2018,01-08-2020,92.53,A
345,617,216,743,,592,365,6/19/2014,6/19/2016,86.64,C
346,971,125,646,,475,690,11-11-2014,11-11-2016,57.81,D
347,590,989,372,,118,916,2/17/2006,2/17/2008,68.84,A
348,529,983,121,,718,216,4/14/2016,4/14/2018,75.68,A+
349,847,389,368,,767,956,12-01-2007,12-01-2011,89.46,B+
350,24,681,201,,121,413,06-03-2015,06-03-2019,76.46,A+
351,116,505,813,,545,581,11-11-2005,11-11-2009,99.13,A
352,525,503,960,,449,467,2/20/2018,2/20/2022,66.95,D
353,767,419,,Other Institute Name,938,85,12-11-2012,12-11-2017,86.71,F
354,687,561,947,,248,820,11/30/2007,11/30/2012,89.09,B
355,339,75,731,,260,15,1/14/2013,1/14/2016,57.97,C
356,422,309,,Other Institute Name,278,424,4/13/2008,4/13/2013,97.01,B
357,911,476,718,,348,864,03-06-2007,03-06-2011,96.66,A+
358,932,294,733,,978,555,05-02-2016,05-02-2018,55.6,C+
359,485,285,772,,613,757,6/22/2010,6/22/2015,87.33,C
360,767,986,552,,672,668,10/18/2012,10/18/2015,67.65,C+
361,713,33,595,,340,399,3/28/2018,3/28/2020,60.63,C
362,450,139,,Other Institute Name,109,784,01-07-2005,01-07-2009,61.31,D
363,45,182,,Other Institute Name,892,71,12/25/2005,12/25/2010,53.34,C+
364,678,222,645,,561,530,8/28/2006,8/28/2008,88.13,B
365,526,309,,Other Institute Name,978,945,6/21/2017,6/21/2022,99.06,D
366,759,178,505,,793,334,05-01-2014,05-01-2017,56.28,C
367,381,58,,Other Institute Name,427,756,1/21/2011,1/21/2014,75.4,A
368,585,507,831,,295,689,05-04-2005,05-04-2007,89.02,A+
369,169,446,860,,743,153,1/29/2008,1/29/2013,72.84,C
370,582,511,,Other Institute Name,27,706,7/14/2011,7/14/2013,59.36,B
371,854,718,,Other Institute Name,601,52,4/17/2008,4/17/2013,64.66,C
372,800,182,694,,514,713,2/21/2018,2/21/2021,70.32,B
373,902,601,755,,485,935,8/22/2005,8/22/2007,65.94,C+
374,425,208,338,,192,354,10/25/2016,10/25/2021,90.9,A
375,611,507,611,,531,721,12/20/2011,12/20/2013,79.81,B+
376,350,906,560,,660,21,3/26/2013,3/26/2017,80.52,A
377,23,673,,Other Institute Name,726,835,09-07-2019,09-07-2021,72.59,B+
378,33,700,,Other Institute Name,693,343,2/24/2009,2/24/2012,74.48,C+
379,437,3,380,,4,603,10-04-2011,10-04-2016,87.42,C
380,994,122,337,,416,574,10/26/2006,10/26/2010,71.53,B
381,554,69,,Other Institute Name,289,533,6/19/2007,6/19/2009,86.43,C+
382,125,131,694,,49,114,11-12-2016,11-12-2020,84.96,A+
383,32,491,112,,201,698,1/26/2017,1/26/2020,58.6,C
384,315,790,22,,345,829,5/17/2018,5/17/2023,87.43,D
385,596,298,,Other Institute Name,896,230,6/15/2014,6/15/2018,93.64,C+
386,115,69,,Other Institute Name,114,225,06-12-2006,06-12-2010,96.08,C
387,638,217,31,,156,998,3/27/2009,3/27/2014,51.43,C+
388,874,665,153,,842,682,8/21/2010,8/21/2014,82.44,C
389,540,949,522,,979,997,9/14/2007,9/14/2009,52.29,C
390,334,621,698,,196,535,07-12-2013,07-12-2017,59.54,D
391,504,181,703,,770,631,05-10-2009,05-10-2014,74.34,A+
392,13,433,,Other Institute Name,967,600,7/18/2016,7/18/2021,76.07,C+
393,205,609,659,,371,912,1/30/2013,1/30/2016,55.14,F
394,842,742,641,,480,432,05-02-2007,05-02-2012,67.98,A
395,125,121,,Other Institute Name,905,724,07-09-2009,07-09-2011,87.03,F
396,324,647,549,,270,227,8/15/2017,8/15/2020,53.64,F
397,817,571,419,,340,910,11/29/2009,11/29/2014,65.05,C+
398,869,944,230,,582,241,2/15/2005,2/15/2010,80.79,B+
399,472,4,278,,273,382,06-04-2006,06-04-2010,58.59,C
400,375,708,159,,5,144,2/16/2014,2/16/2017,55.13,B
401,192,611,413,,756,490,3/31/2008,3/31/2011,55.68,D
402,88,839,479,,487,5,10/30/2013,10/30/2018,62.01,C
403,711,965,697,,862,621,08-11-2019,08-11-2024,66.14,C
404,570,78,789,,871,111,03-10-2005,03-10-2010,70.1,C
405,606,36,925,,146,233,4/26/2013,4/26/2017,63.03,C
406,603,235,942,,375,782,4/29/2015,4/29/2019,82.04,C+
407,298,839,736,,915,1000,02-04-2012,02-04-2017,88.19,A+
408,224,897,92,,881,799,09-09-2013,09-09-2018,98.8,B
409,414,784,789,,877,615,3/25/2013,3/25/2015,85.91,C
410,289,511,408,,80,515,9/25/2013,9/25/2016,55.5,C
411,81,499,,Other Institute Name,296,648,5/29/2010,5/29/2015,70.56,C
412,333,960,951,,536,776,5/30/2011,5/30/2015,95.67,F
413,282,81,854,,229,99,11-05-2007,11-05-2011,91.44,B+
414,487,413,323,,176,33,11/29/2018,11/29/2023,51.81,C
415,443,997,,Other Institute Name,727,562,07-09-2015,07-09-2017,63.67,A
416,809,753,465,,945,831,04-08-2018,04-08-2022,72.79,B+
417,461,101,,Other Institute Name,984,996,7/31/2014,7/31/2017,52.85,C+
418,439,10,939,,491,72,4/22/2019,4/22/2021,75.52,C+
419,825,264,,Other Institute Name,63,373,12/13/2009,12/13/2013,85.25,B
420,699,161,144,,84,377,1/23/2009,1/23/2012,57.2,A+
421,188,416,,Other Institute Name,951,756,11/27/2015,11/27/2018,64.65,A+
422,513,272,,Other Institute Name,714,904,12-08-2016,12-08-2020,76.61,D
423,603,769,,Other Institute Name,541,82,10/22/2009,10/22/2014,78.26,D
424,601,561,311,,188,500,2/20/2010,2/20/2012,67.61,F
425,43,558,466,,429,330,05-09-2017,05-09-2021,97.33,F
426,238,953,,Other Institute Name,237,871,10/20/2012,10/20/2015,87.57,F
427,597,37,393,,601,364,7/21/2010,7/21/2014,70.31,A+
428,907,262,205,,632,911,6/22/2015,6/22/2019,79.19,F
429,607,647,26,,282,569,05-07-2014,05-07-2016,92.04,B
430,311,478,,Other Institute Name,535,449,7/21/2017,7/21/2022,53.25,D
431,17,581,920,,105,734,9/17/2017,9/17/2019,90.67,C
432,990,83,773,,494,667,12/29/2015,12/29/2019,82.24,B+
433,526,474,,Other Institute Name,455,967,06-08-2011,06-08-2013,87.21,D
434,655,955,887,,316,450,01-10-2007,01-10-2011,93.27,A
435,889,14,836,,395,253,5/28/2005,5/28/2009,70.81,A
436,57,944,228,,570,480,01-11-2016,01-11-2021,73.18,D
437,678,513,,Other Institute Name,534,992,06-03-2011,06-03-2016,79.55,A
438,478,795,25,,364,943,06-02-2009,06-02-2011,75.71,C+
439,588,975,186,,911,877,1/31/2016,1/31/2020,93.44,F
440,142,506,115,,266,18,07-02-2016,07-02-2021,91.25,D
441,62,603,194,,253,312,7/26/2018,7/26/2023,78.81,A+
442,35,768,303,,919,963,06-03-2011,06-03-2014,56.07,C+
443,933,321,408,,582,901,11/17/2016,11/17/2021,52.87,A+
444,532,847,831,,373,657,10-02-2014,10-02-2018,55.24,C+
445,52,647,725,,11,693,12-05-2017,12-05-2019,63.2,A+
446,451,234,,Other Institute Name,38,684,12/24/2009,12/24/2011,56.01,C
447,619,573,603,,289,89,12-09-2008,12-09-2012,87.55,D
448,685,135,736,,601,827,1/24/2008,1/24/2011,97.44,C+
449,702,480,22,,905,773,08-06-2008,08-06-2011,98.01,A
450,653,196,915,,167,970,7/31/2010,7/31/2015,77.58,B
451,560,972,,Other Institute Name,966,893,10/16/2016,10/16/2018,92.53,C
452,36,950,866,,335,160,05-03-2018,05-03-2021,65.14,A
453,350,735,621,,706,504,9/20/2009,9/20/2011,60.64,A
454,232,487,,Other Institute Name,859,204,08-09-2012,08-09-2017,93.95,B+
455,851,892,,Other Institute Name,522,927,02-02-2018,02-02-2021,87.78,B+
456,652,166,461,,944,327,8/24/2018,8/24/2020,93.74,C+
457,897,224,854,,334,23,12/23/2019,12/23/2023,99.25,A
458,321,755,,Other Institute Name,802,167,5/18/2017,5/18/2022,88.05,A+
459,52,764,,Other Institute Name,107,698,08-08-2012,08-08-2017,60.91,C
460,471,460,926,,668,62,12-01-2014,12-01-2019,77.73,C
461,973,559,,Other Institute Name,708,501,7/18/2015,7/18/2017,53.69,C+
462,455,14,,Other Institute Name,605,870,8/15/2005,8/15/2008,66.88,C
463,382,75,232,,284,956,5/26/2008,5/26/2012,70.91,C
464,201,838,,Other Institute Name,280,808,12-03-2017,12-03-2019,63.74,C+
465,156,432,65,,697,695,8/20/2006,8/20/2009,62.38,B+
466,720,125,505,,356,422,1/22/2016,1/22/2020,96.98,C+
467,445,940,221,,982,963,12/21/2007,12/21/2011,55.86,D
468,586,786,82,,702,211,10/26/2015,10/26/2019,66.39,C+
469,259,215,64,,649,728,10/13/2014,10/13/2017,99.48,F
470,466,716,237,,356,721,9/22/2012,9/22/2016,64.01,F
471,52,608,,Other Institute Name,520,319,08-04-2019,08-04-2022,70.95,A+
472,582,258,347,,960,731,09-02-2012,09-02-2016,75.3,D
473,841,912,,Other Institute Name,706,8,7/30/2016,7/30/2021,61.51,F
474,445,267,325,,43,914,4/19/2009,4/19/2013,78.84,B
475,480,890,852,,423,379,09-03-2011,09-03-2014,98.01,F
476,495,5,,Other Institute Name,800,134,12-12-2009,12-12-2012,57.86,C+
477,75,234,875,,639,301,8/22/2011,8/22/2013,62.96,D
478,399,243,,Other Institute Name,868,648,10/28/2014,10/28/2018,62.14,C+
479,223,789,28,,500,779,5/14/2009,5/14/2011,99.89,A
480,765,472,19,,871,753,06-11-2019,06-11-2024,67.52,C
481,683,560,334,,108,700,1/28/2019,1/28/2022,62.76,A
482,449,427,956,,679,845,12/18/2009,12/18/2013,73.15,D
483,964,230,35,,211,131,4/29/2018,4/29/2023,98.91,B+
484,592,53,,Other Institute Name,348,927,06-08-2008,06-08-2011,82.24,A+
485,50,96,854,,523,495,5/18/2013,5/18/2018,76.65,D
486,770,364,954,,182,958,12-01-2007,12-01-2012,73.96,B
487,558,352,226,,994,996,11-11-2015,11-11-2020,90.16,A
488,86,294,409,,412,778,1/31/2007,1/31/2012,51.16,A+
489,961,828,,Other Institute Name,599,379,02-05-2016,02-05-2020,51.96,C
490,7,901,,Other Institute Name,817,35,07-11-2012,07-11-2016,94.97,F
491,5,219,,Other Institute Name,404,917,4/14/2013,4/14/2018,53.16,A+
492,856,511,466,,380,884,03-12-2013,03-12-2015,71.18,F
493,953,945,748,,886,318,8/27/2013,8/27/2018,66.36,B+
494,60,412,522,,548,872,07-03-2008,07-03-2013,91.01,A+
495,469,139,,Other Institute Name,154,908,3/16/2009,3/16/2013,68.46,C
496,992,422,,Other Institute Name,882,398,06-07-2008,06-07-2011,60.28,B+
497,995,770,495,,816,567,10-09-2018,10-09-2022,80.48,B+
498,463,103,221,,511,786,03-03-2008,03-03-2010,97.89,B
499,232,541,136,,954,523,7/22/2012,7/22/2014,92.58,D
500,368,351,184,,60,320,11/30/2014,11/30/2016,50.9,A+
501,212,205,735,,611,120,5/24/2006,5/24/2009,69.96,A+
502,816,454,,Other Institute Name,20,786,8/13/2019,8/13/2022,89.43,D
503,841,318,,Other Institute Name,36,267,02-06-2015,02-06-2019,99.34,C+
504,610,984,118,,701,912,3/22/2013,3/22/2016,79.62,B+
505,505,512,,Other Institute Name,921,195,7/17/2010,7/17/2013,94.19,D
506,411,442,997,,415,609,11/17/2015,11/17/2019,63.22,F
507,532,351,812,,715,785,03-02-2014,03-02-2018,95.9,C
508,358,200,632,,601,606,12/19/2018,12/19/2021,67.77,B+
509,42,702,463,,572,936,05-05-2013,05-05-2015,65.02,F
510,883,687,730,,581,447,3/31/2017,3/31/2021,95.06,A+
511,62,927,,Other Institute Name,433,2,9/20/2010,9/20/2012,77.73,C+
512,500,82,965,,99,591,5/17/2010,5/17/2015,97.21,A+
513,948,782,,Other Institute Name,216,60,9/13/2016,9/13/2018,93.31,B
514,776,372,633,,286,680,11/19/2008,11/19/2010,94.44,C+
515,386,421,,Other Institute Name,216,194,11/22/2010,11/22/2012,75.69,F
516,20,557,895,,311,260,2/25/2019,2/25/2024,99.31,F
517,210,849,718,,439,851,7/24/2016,7/24/2019,54.15,A+
518,823,564,,Other Institute Name,445,494,6/30/2018,6/30/2021,57.61,C
519,59,392,358,,963,553,4/15/2018,4/15/2023,50.46,B
520,249,373,929,,745,929,11-05-2008,11-05-2011,66.99,B
521,569,259,824,,372,329,03-09-2007,03-09-2009,50.2,A
522,688,52,,Other Institute Name,398,937,2/14/2005,2/14/2008,83.42,C
523,157,730,576,,928,524,02-04-2013,02-04-2018,91.87,F
524,555,901,,Other Institute Name,542,145,06-06-2009,06-06-2011,61.31,D
525,513,784,,Other Institute Name,595,743,12/30/2017,12/30/2020,65.19,A
526,627,586,,Other Institute Name,343,663,9/28/2017,9/28/2022,93.81,C+
527,513,170,792,,424,768,02-07-2015,02-07-2020,94.87,D
528,8,909,391,,103,560,6/17/2015,6/17/2020,85.41,B
529,194,701,876,,98,472,1/16/2019,1/16/2023,79.69,C
530,2,66,,Other Institute Name,361,175,01-12-2017,01-12-2019,59.39,A+
531,795,693,193,,274,772,11/25/2008,11/25/2011,65.92,C
532,161,159,,Other Institute Name,632,587,12-04-2014,12-04-2019,95.36,C
533,372,309,623,,67,144,1/23/2018,1/23/2020,77.36,B+
534,212,477,174,,700,927,9/22/2019,9/22/2021,89.47,F
535,876,604,715,,824,417,10-07-2010,10-07-2013,94.97,B+
536,383,137,,Other Institute Name,738,212,06-08-2015,06-08-2020,62.21,F
537,443,552,35,,367,926,12/26/2005,12/26/2010,77.82,B
538,151,330,,Other Institute Name,71,939,8/28/2008,8/28/2012,64.8,B
539,220,879,784,,318,363,4/21/2014,4/21/2019,90.75,A+
540,642,471,159,,602,678,11-04-2008,11-04-2013,51.98,A
541,980,922,676,,519,726,3/15/2008,3/15/2010,97.51,B+
542,631,807,650,,100,65,11-04-2011,11-04-2015,71.62,A
543,166,561,824,,825,251,3/22/2008,3/22/2012,67.14,B+
544,739,756,,Other Institute Name,882,596,2/24/2005,2/24/2008,79.28,C
545,135,19,593,,551,211,12/23/2018,12/23/2021,69.51,D
546,457,764,165,,141,43,5/20/2019,5/20/2024,79.11,A
547,315,64,944,,415,722,3/21/2010,3/21/2015,93.68,C
548,814,257,71,,692,154,12/19/2019,12/19/2021,82.5,A+
549,48,981,432,,769,251,12/26/2005,12/26/2007,74.47,D
550,7,471,123,,221,49,02-10-2010,02-10-2013,81.26,C+
551,925,73,835,,575,882,9/28/2013,9/28/2015,65.89,A+
552,649,609,77,,686,899,04-08-2014,04-08-2017,66.21,C
553,137,529,783,,494,201,2/28/2019,2/28/2023,54.32,C+
554,329,638,699,,198,750,1/21/2011,1/21/2016,69.94,A+
555,390,289,177,,937,896,6/25/2015,6/25/2020,61.45,B+
556,398,565,826,,386,812,05-07-2014,05-07-2019,94.76,B+
557,906,603,132,,965,735,9/21/2019,9/21/2021,65.2,C+
558,19,851,,Other Institute Name,435,664,10/19/2011,10/19/2013,99.97,D
559,543,191,,Other Institute Name,250,216,04-12-2015,04-12-2020,66.44,B
560,665,878,101,,305,729,10/28/2013,10/28/2018,64.93,A+
561,420,440,106,,848,74,10/21/2006,10/21/2009,94.31,A+
562,377,532,74,,625,752,10-02-2011,10-02-2015,83.59,F
563,166,592,292,,276,318,06-01-2011,06-01-2015,64.75,A
564,129,360,838,,263,985,05-11-2012,05-11-2016,71.67,B+
565,454,895,568,,77,819,5/18/2019,5/18/2021,85.47,B+
566,39,559,655,,312,758,11/15/2008,11/15/2012,96.69,B+
567,292,877,576,,844,146,11-07-2015,11-07-2020,94.06,C+
568,835,555,,Other Institute Name,268,819,11/21/2014,11/21/2016,75.38,A+
569,136,929,,Other Institute Name,892,719,9/30/2010,9/30/2014,51.17,A
570,921,988,779,,96,870,1/31/2010,1/31/2014,94.06,D
571,872,555,896,,346,54,6/19/2005,6/19/2010,70.95,F
572,106,328,706,,501,706,10/30/2009,10/30/2012,89.45,B+
573,755,347,889,,83,111,11-07-2013,11-07-2017,53.25,B
574,784,969,,Other Institute Name,836,426,11-10-2009,11-10-2011,88.2,B
575,284,938,355,,32,189,1/25/2009,1/25/2014,77.51,A+
576,385,573,,Other Institute Name,734,774,11/18/2017,11/18/2021,50.33,C
577,137,432,,Other Institute Name,874,603,11/28/2015,11/28/2020,60.29,B
578,886,702,782,,711,437,9/30/2005,9/30/2008,75.28,C+
579,592,179,,Other Institute Name,498,364,9/22/2006,9/22/2011,75.94,B
580,499,588,,Other Institute Name,341,981,12/29/2011,12/29/2015,85.34,A
581,761,138,697,,712,681,2/16/2011,2/16/2014,66.25,C+
582,587,421,183,,311,601,05-05-2012,05-05-2016,91.72,A+
583,720,238,32,,272,727,5/14/2007,5/14/2012,58.71,C+
584,242,88,,Other Institute Name,744,796,7/13/2012,7/13/2014,58.03,A+
585,371,907,245,,409,484,5/19/2012,5/19/2017,83.58,A
586,690,399,679,,899,373,6/28/2015,6/28/2019,83.32,D
587,182,385,691,,867,884,7/14/2010,7/14/2012,71.38,B
588,656,9,,Other Institute Name,962,176,2/23/2012,2/23/2014,64.34,B+
589,726,685,24,,828,440,09-07-2015,09-07-2019,83.5,C+
590,727,276,,Other Institute Name,821,770,6/19/2018,6/19/2021,50.92,D
591,591,692,822,,450,682,05-05-2019,05-05-2021,60.05,D
592,569,883,298,,439,120,12/24/2018,12/24/2021,92.86,D
593,983,128,996,,420,254,10/22/2019,10/22/2022,75.37,F
594,898,973,,Other Institute Name,545,499,3/14/2009,3/14/2011,77.3,B+
595,11,542,745,,755,989,1/29/2011,1/29/2013,68.43,D
596,876,836,,Other Institute Name,604,775,6/15/2005,6/15/2007,95.11,C+
597,615,548,843,,369,861,4/23/2006,4/23/2010,58.65,A+
598,360,473,,Other Institute Name,328,836,9/30/2009,9/30/2014,87.38,B+
599,580,313,363,,407,425,7/14/2011,7/14/2016,97.5,D
600,5,446,684,,572,274,05-03-2009,05-03-2012,66.41,B+
601,242,130,554,,454,823,10/15/2011,10/15/2013,65.04,F
602,259,726,431,,220,108,2/17/2005,2/17/2009,61.79,B
603,993,251,207,,179,117,11/15/2018,11/15/2022,83.25,A+
604,855,958,730,,331,416,2/18/2011,2/18/2013,60.59,A+
605,324,134,617,,63,231,12-11-2010,12-11-2014,76.43,C
606,733,865,118,,366,752,4/21/2016,4/21/2019,62.68,D
607,206,775,,Other Institute Name,211,793,12/14/2007,12/14/2010,87.83,A+
608,719,910,503,,618,301,08-11-2015,08-11-2018,79.34,C+
609,19,200,686,,284,422,09-07-2009,09-07-2012,83.03,A+
610,410,712,499,,513,611,01-09-2010,01-09-2012,57.21,F
611,560,124,471,,875,555,11-03-2012,11-03-2015,51.7,B
612,649,116,,Other Institute Name,488,585,12-08-2012,12-08-2015,98.84,A
613,668,208,189,,567,912,11-10-2015,11-10-2018,92.36,A+
614,920,78,,Other Institute Name,211,918,10-12-2009,10-12-2012,66.23,C+
615,730,398,,Other Institute Name,736,410,1/30/2005,1/30/2007,54.96,D
616,355,389,238,,25,642,11-03-2017,11-03-2020,71.86,B
617,725,529,,Other Institute Name,988,671,9/20/2013,9/20/2016,96.11,B+
618,834,5,,Other Institute Name,162,207,12/14/2015,12/14/2020,52.35,A
619,876,200,752,,233,385,07-07-2010,07-07-2015,79.76,B+
620,409,266,,Other Institute Name,75,970,6/24/2009,6/24/2013,87.85,A
621,15,325,,Other Institute Name,674,34,08-11-2013,08-11-2018,64.3,A+
622,56,356,,Other Institute Name,174,200,10/28/2016,10/28/2018,75.52,A
623,148,227,,Other Institute Name,493,547,10/24/2015,10/24/2020,53.33,B+
624,263,603,,Other Institute Name,876,932,03-10-2012,03-10-2015,90.66,C+
625,690,908,674,,63,180,2/28/2010,2/28/2015,82.56,D
626,585,140,591,,102,881,03-04-2009,03-04-2013,88.63,C+
627,217,386,242,,307,861,6/14/2012,6/14/2017,99.32,A
628,414,470,636,,295,597,6/21/2011,6/21/2016,62.17,D
629,818,53,,Other Institute Name,743,412,12-04-2017,12-04-2020,65.35,B
630,408,752,911,,28,59,8/13/2012,8/13/2014,71.94,D
631,944,497,171,,239,524,4/28/2010,4/28/2015,97.04,C
632,281,246,803,,691,245,12/24/2007,12/24/2010,73.09,A
633,148,934,723,,751,269,4/26/2015,4/26/2020,53.29,A+
634,962,322,671,,598,170,6/27/2009,6/27/2013,93.69,A+
635,893,205,,Other Institute Name,601,208,05-05-2018,05-05-2023,60.59,B+
636,764,266,365,,280,926,10-10-2008,10-10-2010,92.56,A+
637,346,897,,Other Institute Name,504,412,6/17/2014,6/17/2018,56.77,A+
638,492,60,631,,266,849,03-11-2007,03-11-2011,76.84,A
639,527,835,,Other Institute Name,936,702,10/20/2017,10/20/2021,81.58,B+
640,444,598,,Other Institute Name,800,260,06-05-2007,06-05-2009,95.12,A
641,641,485,307,,516,364,03-03-2010,03-03-2012,80.79,A
642,225,569,361,,43,248,9/27/2010,9/27/2014,97.12,A
643,621,608,,Other Institute Name,969,844,5/22/2018,5/22/2023,72.47,F
644,814,134,,Other Institute Name,75,691,12/31/2016,12/31/2021,77.43,C+
645,723,397,107,,488,683,2/19/2005,2/19/2009,90.63,C
646,556,352,670,,541,374,9/22/2010,9/22/2012,69.96,B+
647,818,580,,Other Institute Name,105,269,01-11-2008,01-11-2010,95.81,D
648,793,387,613,,234,387,9/21/2013,9/21/2015,78.1,A
649,945,123,999,,291,720,7/28/2005,7/28/2007,52.23,F
650,257,937,,Other Institute Name,675,54,01-05-2009,01-05-2013,53.92,C
651,305,598,,Other Institute Name,156,135,3/22/2009,3/22/2014,51.01,C
652,284,144,,Other Institute Name,737,182,4/13/2014,4/13/2019,79,A
653,521,564,,Other Institute Name,890,414,1/22/2015,1/22/2020,85.25,B+
654,187,664,219,,258,840,04-08-2014,04-08-2017,70.78,C+
655,720,646,852,,936,876,9/17/2010,9/17/2012,82.16,F
656,75,471,358,,496,432,4/27/2011,4/27/2014,74.1,F
657,336,487,552,,359,962,01-05-2008,01-05-2011,94.94,A
658,150,739,,Other Institute Name,623,930,4/30/2009,4/30/2012,75.24,B
659,911,10,602,,874,332,6/26/2013,6/26/2018,56.25,B
660,704,571,,Other Institute Name,803,530,6/20/2016,6/20/2019,90.18,D
661,472,906,368,,400,151,01-06-2019,01-06-2023,98.4,C
662,487,394,88,,418,351,06-01-2019,06-01-2021,85.34,C
663,594,617,530,,78,292,5/22/2007,5/22/2010,81.19,A+
664,377,117,575,,814,455,2/24/2017,2/24/2022,61.1,B
665,265,412,304,,940,761,9/15/2009,9/15/2014,58.95,F
666,451,744,901,,676,530,4/23/2013,4/23/2017,69.71,C
667,552,823,135,,35,497,12-01-2006,12-01-2011,62.66,C
668,185,346,,Other Institute Name,968,49,10/15/2018,10/15/2020,58.1,C+
669,449,967,436,,534,219,5/19/2011,5/19/2015,81.53,B+
670,764,626,809,,200,688,6/28/2016,6/28/2019,75.74,A
671,236,311,240,,403,913,11-05-2014,11-05-2019,66.71,A+
672,329,438,,Other Institute Name,931,720,11/18/2016,11/18/2019,82.3,F
673,888,763,,Other Institute Name,761,939,01-08-2009,01-08-2013,86.18,A+
674,938,857,920,,981,41,7/30/2019,7/30/2023,87.95,F
675,249,937,462,,255,810,03-08-2017,03-08-2022,77.63,F
676,466,257,,Other Institute Name,329,562,7/30/2019,7/30/2022,87.75,B+
677,653,897,,Other Institute Name,508,819,8/15/2010,8/15/2013,98.71,D
678,856,753,,Other Institute Name,656,197,05-01-2013,05-01-2018,53.93,A
679,889,436,600,,818,945,12-07-2015,12-07-2019,88.91,C+
680,167,270,645,,162,889,8/29/2009,8/29/2012,97.82,F
681,947,403,,Other Institute Name,857,140,11-07-2013,11-07-2015,98.87,A
682,134,18,,Other Institute Name,391,925,1/13/2010,1/13/2015,85.69,B
683,236,171,868,,319,811,12/15/2006,12/15/2011,73.84,B+
684,506,439,,Other Institute Name,868,523,11/24/2006,11/24/2009,91.34,C+
685,579,986,,Other Institute Name,475,638,11/23/2007,11/23/2011,57.59,A+
686,353,163,666,,190,891,10/24/2018,10/24/2022,58.24,A
687,951,49,859,,380,695,3/20/2008,3/20/2013,90.82,D
688,867,919,429,,745,576,4/25/2006,4/25/2010,51.72,C
689,809,666,330,,990,45,5/25/2007,5/25/2011,51.89,B
690,354,507,649,,910,354,11-07-2015,11-07-2017,62.83,C+
691,703,837,485,,114,444,12/31/2008,12/31/2010,54.75,B+
692,428,579,,Other Institute Name,70,630,4/29/2018,4/29/2021,60.19,D
693,139,103,333,,95,528,02-01-2009,02-01-2013,61.58,C
694,40,537,573,,921,328,9/23/2010,9/23/2012,96.41,A
695,302,881,,Other Institute Name,595,257,12/13/2007,12/13/2011,53.05,C
696,677,267,192,,327,852,10/28/2013,10/28/2018,53.68,B
697,723,540,813,,498,324,08-05-2008,08-05-2013,88.68,B
698,318,391,351,,401,548,7/14/2019,7/14/2021,53.14,D
699,974,109,,Other Institute Name,927,857,07-04-2007,07-04-2010,77.1,A
700,963,800,358,,165,550,06-11-2015,06-11-2020,51.47,B
701,295,418,150,,13,59,3/31/2008,3/31/2012,98.54,C
702,722,77,122,,819,434,09-09-2018,09-09-2020,88.66,D
703,971,60,855,,890,718,04-01-2011,04-01-2016,80.47,B
704,230,593,392,,810,366,10-07-2014,10-07-2016,59.83,B+
705,641,92,524,,966,956,10-08-2011,10-08-2013,87.22,C
706,98,313,,Other Institute Name,681,679,10/21/2006,10/21/2008,96.78,C
707,761,633,887,,295,518,03-09-2008,03-09-2010,89.24,F
708,911,457,,Other Institute Name,512,722,04-05-2018,04-05-2020,54.8,A
709,395,843,442,,974,123,09-12-2016,09-12-2018,68.02,A
710,343,562,27,,431,631,11-09-2007,11-09-2009,65.58,C+
711,612,710,742,,558,756,11-11-2010,11-11-2014,50.14,B
712,330,43,849,,137,72,10/28/2006,10/28/2010,62.49,F
713,303,789,934,,323,538,10/26/2014,10/26/2017,82.79,A
714,862,964,177,,792,132,08-12-2011,08-12-2013,71.74,A+
715,849,790,,Other Institute Name,931,130,05-10-2019,05-10-2021,96.67,C+
716,728,70,726,,82,451,8/25/2018,8/25/2021,94.13,B
717,443,85,749,,55,790,8/16/2019,8/16/2024,87.15,F
718,190,761,982,,617,789,04-10-2006,04-10-2010,99.43,D
719,787,491,670,,149,938,9/29/2018,9/29/2020,85.25,B+
720,994,898,322,,732,715,11-08-2009,11-08-2013,51.6,D
721,24,59,490,,483,196,07-05-2018,07-05-2022,67.16,B+
722,167,296,352,,603,103,12/15/2012,12/15/2015,79.48,A
723,815,406,,Other Institute Name,865,318,4/27/2008,4/27/2012,50.85,B
724,832,690,,Other Institute Name,777,975,03-10-2007,03-10-2012,69.78,F
725,133,334,330,,528,412,12/15/2009,12/15/2012,70.15,C
726,713,130,,Other Institute Name,725,36,12/16/2019,12/16/2021,63.28,F
727,763,497,850,,262,290,8/22/2018,8/22/2020,97.05,C
728,980,137,,Other Institute Name,828,962,8/30/2005,8/30/2010,81.76,D
729,339,60,374,,672,944,04-08-2017,04-08-2022,77.09,F
730,972,704,831,,716,680,1/19/2008,1/19/2013,89.63,B+
731,6,307,253,,748,511,3/25/2006,3/25/2009,82.92,D
732,732,52,377,,384,956,02-02-2005,02-02-2009,66.56,B
733,896,245,44,,762,785,5/18/2011,5/18/2013,78.38,C+
734,732,906,380,,376,400,8/25/2013,8/25/2017,61.5,C+
735,671,151,853,,471,728,7/28/2012,7/28/2016,77.32,D
736,939,572,,Other Institute Name,560,271,11/26/2015,11/26/2019,61.21,F
737,875,146,,Other Institute Name,180,342,02-07-2006,02-07-2011,65.44,B+
738,204,416,715,,969,357,07-11-2008,07-11-2010,78.9,D
739,965,591,,Other Institute Name,24,219,02-05-2011,02-05-2016,93.04,A
740,455,5,,Other Institute Name,491,141,1/27/2008,1/27/2013,56.63,D
741,556,74,204,,370,724,3/29/2014,3/29/2016,57.81,C+
742,168,156,641,,954,294,2/24/2008,2/24/2012,54.26,F
743,383,733,465,,378,174,10/23/2017,10/23/2020,86.35,F
744,417,15,,Other Institute Name,244,507,04-08-2005,04-08-2008,88.35,C+
745,152,953,766,,764,302,12-09-2018,12-09-2021,68.15,D
746,177,261,,Other Institute Name,780,290,10/21/2013,10/21/2017,56.74,F
747,267,641,520,,596,793,02-07-2015,02-07-2017,52.83,F
748,35,476,554,,19,651,3/29/2007,3/29/2010,93,B+
749,991,945,173,,491,534,3/29/2014,3/29/2016,71.77,C
750,272,555,617,,934,888,8/25/2005,8/25/2010,53.15,A
751,501,119,,Other Institute Name,933,229,7/28/2006,7/28/2009,75.42,B
752,726,138,179,,785,520,11/24/2010,11/24/2013,92.66,F
753,170,735,796,,235,646,2/15/2012,2/15/2016,50.88,B
754,182,888,767,,992,643,5/15/2019,5/15/2022,51.82,A
755,301,486,763,,473,104,9/21/2008,9/21/2010,68.13,B+
756,147,740,940,,933,416,11-08-2005,11-08-2008,77.31,F
757,659,492,,Other Institute Name,188,175,8/19/2007,8/19/2010,91.63,B
758,12,996,128,,905,492,01-04-2006,01-04-2010,97.39,D
759,830,652,394,,168,796,7/28/2013,7/28/2018,66.72,B+
760,436,136,909,,761,21,01-01-2008,01-01-2012,73.05,C
761,298,703,337,,128,234,03-12-2006,03-12-2011,54.49,F
762,114,616,212,,27,744,05-03-2013,05-03-2018,68.75,B
763,216,543,870,,763,977,10-09-2011,10-09-2015,88.78,B+
764,571,885,841,,456,961,8/21/2008,8/21/2010,73.96,C+
765,814,141,177,,124,914,04-10-2005,04-10-2009,95.57,A
766,505,177,442,,819,583,9/23/2016,9/23/2018,98.83,D
767,432,898,,Other Institute Name,674,699,12/16/2013,12/16/2016,52.89,F
768,420,98,503,,359,431,6/15/2008,6/15/2013,67.18,A+
769,516,638,38,,637,596,05-02-2014,05-02-2017,80.81,B
770,837,757,109,,260,733,11/22/2015,11/22/2017,58.28,B
771,120,491,,Other Institute Name,786,952,07-11-2014,07-11-2017,94.44,F
772,692,71,,Other Institute Name,518,549,03-03-2012,03-03-2014,59.44,A
773,546,80,176,,19,685,02-12-2018,02-12-2023,69.24,C
774,473,107,,Other Institute Name,141,101,06-02-2014,06-02-2017,81.93,F
775,350,984,311,,549,730,10/28/2007,10/28/2010,60.43,F
776,845,774,589,,645,99,11/22/2007,11/22/2009,53.86,D
777,462,588,603,,556,466,06-12-2008,06-12-2010,93.76,B
778,236,100,173,,334,242,4/25/2018,4/25/2021,99.41,A+
779,453,479,783,,34,747,8/20/2016,8/20/2018,93.57,D
780,951,52,622,,141,703,3/31/2005,3/31/2009,87.53,C+
781,509,778,,Other Institute Name,674,889,07-11-2007,07-11-2011,74.96,A
782,934,247,259,,657,274,11-11-2009,11-11-2013,83.15,D
783,529,896,310,,518,261,8/19/2005,8/19/2010,74.28,B
784,296,30,919,,315,994,4/25/2019,4/25/2023,87.29,D
785,486,851,594,,399,889,08-09-2007,08-09-2012,76.4,D
786,757,280,245,,713,710,07-01-2015,07-01-2017,76.63,F
787,148,545,205,,345,979,4/21/2006,4/21/2010,65.54,D
788,954,770,,Other Institute Name,666,634,5/14/2015,5/14/2017,82.54,D
789,584,897,359,,789,73,10-12-2014,10-12-2016,70.68,C
790,690,961,127,,835,682,07-05-2018,07-05-2020,54.09,D
791,616,360,,Other Institute Name,412,426,6/15/2019,6/15/2021,70.93,A+
792,938,84,,Other Institute Name,715,460,10-02-2014,10-02-2018,80.09,C+
793,987,652,,Other Institute Name,761,401,06-01-2019,06-01-2022,78.14,A
794,944,733,215,,285,628,09-06-2012,09-06-2016,56.27,B+
795,412,965,872,,370,183,05-07-2018,05-07-2021,50.13,B+
796,369,789,452,,103,874,09-05-2018,09-05-2021,98.68,A+
797,753,762,850,,921,677,9/25/2008,9/25/2011,88.02,A
798,234,930,81,,469,860,10-08-2012,10-08-2014,94.48,A
799,579,671,878,,760,883,9/13/2018,9/13/2022,61.9,D
800,176,624,,Other Institute Name,321,389,10/21/2008,10/21/2013,82.88,B
801,161,611,884,,54,841,6/14/2015,6/14/2018,83.35,F
802,266,937,,Other Institute Name,873,157,06-08-2019,06-08-2022,96.06,B
803,487,306,817,,306,859,6/29/2012,6/29/2016,87.35,C
804,248,433,384,,44,345,8/31/2013,8/31/2015,96.15,D
805,408,855,435,,162,363,9/16/2005,9/16/2007,74.45,A+
806,704,809,813,,234,530,5/26/2015,5/26/2017,63.88,A+
807,406,603,662,,715,137,7/13/2017,7/13/2021,73.33,F
808,686,146,,Other Institute Name,885,196,2/18/2006,2/18/2011,74.68,A+
809,191,214,413,,654,38,9/26/2015,9/26/2017,79.18,C
810,315,830,547,,567,181,08-11-2012,08-11-2017,98.61,C
811,991,923,178,,799,155,2/18/2019,2/18/2024,98.02,B+
812,677,770,287,,49,815,12-12-2005,12-12-2009,96.19,C+
813,545,716,,Other Institute Name,606,364,9/28/2012,9/28/2017,81.77,B+
814,942,438,472,,572,810,11/16/2005,11/16/2009,72.42,D
815,949,876,522,,296,33,7/17/2010,7/17/2013,74.29,C
816,889,959,101,,285,297,08-10-2016,08-10-2018,88.42,B+
817,434,224,,Other Institute Name,961,678,03-01-2018,03-01-2020,60.91,B
818,390,443,933,,908,563,6/27/2019,6/27/2021,85.27,A
819,331,761,63,,577,526,2/24/2015,2/24/2018,98.09,A
820,670,343,,Other Institute Name,568,621,04-08-2010,04-08-2012,94.53,C
821,957,738,298,,676,238,6/25/2013,6/25/2017,53.97,F
822,499,623,648,,836,498,09-11-2016,09-11-2018,97.18,C
823,227,599,150,,882,612,4/20/2016,4/20/2021,74.69,A+
824,372,479,970,,660,895,8/26/2005,8/26/2007,50.03,D
825,241,741,221,,592,458,7/22/2007,7/22/2010,69.15,B
826,6,387,,Other Institute Name,164,726,4/18/2018,4/18/2020,57.78,A+
827,902,615,733,,496,24,6/20/2008,6/20/2012,88.16,B
828,845,588,797,,212,626,05-11-2009,05-11-2014,74.71,A
829,176,333,753,,158,824,01-10-2012,01-10-2017,61.56,C
830,297,953,,Other Institute Name,359,133,6/25/2019,6/25/2021,73.67,F
831,102,33,669,,676,523,08-08-2014,08-08-2018,97.95,C+
832,834,636,423,,836,19,02-06-2013,02-06-2017,90.06,F
833,306,92,,Other Institute Name,624,483,10/25/2008,10/25/2013,62.03,C
834,735,859,,Other Institute Name,998,253,4/25/2005,4/25/2009,55.62,F
835,429,140,263,,832,820,10/29/2010,10/29/2013,85.7,C
836,166,182,325,,285,846,9/15/2019,9/15/2022,64.94,B
837,423,364,717,,860,71,01-05-2017,01-05-2020,91.59,C
838,675,525,454,,695,628,6/29/2005,6/29/2008,51.64,B
839,245,982,816,,959,773,12/28/2008,12/28/2011,57.72,B+
840,263,438,811,,913,434,03-07-2007,03-07-2010,50.73,B
841,408,557,65,,59,527,5/27/2013,5/27/2016,55.8,A
842,596,519,531,,246,250,1/26/2012,1/26/2016,67.24,D
843,680,995,416,,369,461,2/14/2006,2/14/2009,51.14,D
844,896,34,,Other Institute Name,840,250,12-01-2015,12-01-2018,82.88,A
845,350,504,973,,522,440,3/16/2010,3/16/2015,64.03,B+
846,401,262,672,,730,893,8/31/2005,8/31/2008,72.43,A+
847,402,528,615,,612,895,8/20/2013,8/20/2017,97.91,A
848,431,516,136,,391,97,12/23/2009,12/23/2011,61.88,A
849,163,293,700,,733,569,04-11-2015,04-11-2020,94.18,B
850,516,646,433,,170,763,3/31/2014,3/31/2016,59.72,C+
851,1000,125,306,,297,551,7/20/2009,7/20/2012,88.13,A+
852,516,726,636,,510,692,8/31/2017,8/31/2019,64.66,B
853,352,646,382,,445,63,04-09-2005,04-09-2008,64.12,F
854,423,329,35,,937,518,4/26/2010,4/26/2014,59.68,C
855,392,254,82,,863,824,3/27/2013,3/27/2017,82.73,D
856,739,462,160,,488,695,11/29/2019,11/29/2022,58.92,F
857,997,438,,Other Institute Name,250,649,12/21/2009,12/21/2012,74.88,B
858,847,509,,Other Institute Name,879,765,12-05-2009,12-05-2013,96.65,B
859,173,879,,Other Institute Name,604,982,2/13/2017,2/13/2020,55.52,D
860,927,877,261,,109,177,06-08-2019,06-08-2022,66.44,A+
861,293,851,34,,845,922,01-02-2017,01-02-2020,52.86,A+
862,637,817,203,,124,822,06-03-2005,06-03-2009,63.54,C
863,383,753,774,,534,396,2/19/2008,2/19/2012,84.38,C+
864,523,974,116,,530,567,6/19/2013,6/19/2016,89.04,C+
865,344,184,803,,924,108,06-05-2018,06-05-2023,52.23,A
866,597,220,241,,732,159,05-10-2007,05-10-2009,54.56,B+
867,582,87,,Other Institute Name,658,311,8/19/2008,8/19/2010,74.69,B+
868,156,383,,Other Institute Name,464,142,7/13/2018,7/13/2022,52.69,B+
869,66,234,499,,125,467,07-06-2018,07-06-2023,92.95,A+
870,503,415,,Other Institute Name,745,884,05-02-2014,05-02-2016,84.84,B+
871,476,697,,Other Institute Name,134,183,7/21/2008,7/21/2013,66.02,C+
872,21,602,,Other Institute Name,511,159,04-03-2010,04-03-2015,56.95,C+
873,845,75,875,,843,944,2/28/2011,2/28/2014,68.27,A
874,228,389,,Other Institute Name,1,182,12/25/2018,12/25/2022,70.24,B+
875,279,198,272,,751,251,03-11-2007,03-11-2010,88.89,F
876,592,468,721,,456,735,03-09-2014,03-09-2016,67.01,C+
877,985,275,214,,743,396,11/29/2011,11/29/2013,57.11,A
878,47,516,,Other Institute Name,830,421,6/21/2011,6/21/2015,84.74,C+
879,934,433,925,,235,869,12/21/2008,12/21/2010,63.64,C+
880,611,794,706,,811,707,08-04-2016,08-04-2021,98.21,B
881,664,492,410,,329,920,4/30/2017,4/30/2019,87.88,A+
882,875,895,135,,761,391,6/26/2009,6/26/2013,69.57,A
883,622,340,917,,756,679,2/23/2014,2/23/2016,54.42,B
884,711,653,,Other Institute Name,904,915,02-09-2009,02-09-2012,86.03,B
885,654,785,878,,275,36,5/26/2012,5/26/2014,79.32,D
886,225,814,495,,707,176,03-05-2009,03-05-2012,96.86,B
887,898,563,890,,656,424,03-09-2009,03-09-2011,56.47,F
888,436,319,676,,601,451,6/16/2015,6/16/2017,76.43,B+
889,602,331,912,,842,683,01-01-2005,01-01-2007,87.74,F
890,969,877,718,,611,910,01-07-2010,01-07-2013,92.79,F
891,484,992,955,,185,506,1/15/2017,1/15/2019,84.02,A+
892,592,76,,Other Institute Name,896,178,4/13/2011,4/13/2014,84.79,B+
893,923,458,855,,649,689,3/26/2018,3/26/2020,95.44,A+
894,868,182,,Other Institute Name,549,753,11-09-2017,11-09-2020,63.25,B+
895,260,369,114,,967,642,3/18/2018,3/18/2023,89.23,C+
896,861,49,523,,667,46,5/13/2006,5/13/2008,81.52,F
897,172,792,,Other Institute Name,764,139,9/27/2016,9/27/2021,81.57,A+
898,574,154,,Other Institute Name,578,227,05-01-2005,05-01-2007,88.87,D
899,827,162,920,,122,529,08-08-2005,08-08-2010,69.09,B
900,556,626,7,,705,407,8/30/2008,8/30/2010,62.75,C+
901,355,152,365,,187,734,10-03-2012,10-03-2015,77.25,F
902,439,563,277,,969,185,09-05-2019,09-05-2022,58.11,F
903,192,96,,Other Institute Name,790,108,5/18/2010,5/18/2014,95.58,A
904,999,303,515,,867,320,6/21/2005,6/21/2007,95.86,A
905,235,164,,Other Institute Name,461,531,8/17/2019,8/17/2022,68.24,A+
906,434,955,861,,780,520,08-11-2017,08-11-2022,67.79,F
907,635,949,698,,707,770,8/23/2005,8/23/2009,87.43,B
908,30,401,734,,837,998,12/20/2011,12/20/2015,63.01,D
909,393,646,89,,983,986,01-10-2010,01-10-2013,72.21,F
910,455,125,112,,159,347,04-10-2016,04-10-2020,76.68,A
911,121,916,,Other Institute Name,862,769,11/27/2010,11/27/2014,52.57,C
912,491,313,662,,365,906,03-08-2012,03-08-2015,51.94,C
913,520,150,534,,364,149,10-06-2015,10-06-2020,70,C+
914,323,845,140,,468,57,11/19/2016,11/19/2020,85.86,C
915,781,562,,Other Institute Name,297,705,02-12-2016,02-12-2019,86.21,C+
916,383,357,666,,150,875,12/20/2011,12/20/2013,54.19,B+
917,604,502,570,,953,406,2/19/2006,2/19/2011,85.98,A+
918,412,941,716,,927,926,12/26/2008,12/26/2012,57.02,D
919,480,595,,Other Institute Name,614,423,3/28/2014,3/28/2016,68.64,D
920,293,370,,Other Institute Name,127,480,6/25/2012,6/25/2015,81.15,A+
921,597,172,236,,634,125,2/24/2013,2/24/2016,64.05,F
922,128,444,830,,788,749,08-02-2008,08-02-2010,94.22,A+
923,736,225,79,,691,8,05-02-2010,05-02-2013,80.05,B
924,231,562,737,,870,72,07-02-2008,07-02-2010,97.48,C+
925,589,477,32,,714,189,1/27/2018,1/27/2023,63.96,B
926,183,308,,Other Institute Name,417,334,1/14/2007,1/14/2011,74.2,C+
927,613,122,947,,181,739,05-03-2011,05-03-2016,70.32,C+
928,60,893,8,,159,810,9/21/2007,9/21/2009,50.29,D
929,668,40,998,,155,777,6/14/2006,6/14/2008,95.89,B+
930,131,912,941,,572,839,7/21/2019,7/21/2022,71.1,A
931,581,945,130,,386,306,8/14/2006,8/14/2009,87.4,A
932,609,126,,Other Institute Name,731,432,4/14/2007,4/14/2012,54.28,C
933,125,570,28,,464,896,3/13/2012,3/13/2016,75.28,D
934,460,675,360,,320,799,4/16/2017,4/16/2021,89.29,B
935,591,174,212,,449,71,8/21/2009,8/21/2013,91.68,F
936,483,991,365,,281,27,11/28/2010,11/28/2012,88.86,C
937,372,485,397,,31,365,2/26/2011,2/26/2015,96.11,B
938,250,422,67,,19,869,12/16/2008,12/16/2010,96.96,A
939,305,388,,Other Institute Name,217,874,12/15/2010,12/15/2014,77.37,C
940,367,572,371,,134,813,9/24/2014,9/24/2019,69.85,B+
941,155,396,432,,785,157,12/21/2008,12/21/2010,54.35,A
942,252,424,858,,489,861,8/18/2007,8/18/2009,97.89,B+
943,861,624,949,,811,470,08-02-2018,08-02-2020,70.59,F
944,687,846,42,,985,314,3/22/2016,3/22/2019,62.64,C
945,840,479,282,,987,590,4/21/2005,4/21/2010,64.63,C
946,453,96,907,,1000,947,09-08-2006,09-08-2009,78.65,B
947,311,181,221,,856,188,5/27/2014,5/27/2019,52.52,D
948,528,33,,Other Institute Name,688,532,2/14/2006,2/14/2009,53.07,C
949,655,786,310,,812,205,09-03-2009,09-03-2013,75.33,C+
950,697,223,481,,772,400,12/22/2011,12/22/2015,64.34,C
951,787,961,,Other Institute Name,84,900,6/24/2012,6/24/2014,72.87,A+
952,252,209,681,,899,592,10/28/2018,10/28/2023,85.38,B+
953,661,432,744,,95,255,06-10-2013,06-10-2017,97.24,B
954,752,865,,Other Institute Name,797,217,12/19/2016,12/19/2018,78.43,C
955,272,519,,Other Institute Name,617,832,08-12-2006,08-12-2009,93.04,D
956,312,424,963,,11,416,12/18/2006,12/18/2008,95.81,A+
957,889,587,939,,433,410,12/23/2011,12/23/2015,91.99,D
958,165,206,470,,290,650,9/23/2018,9/23/2022,58.82,C
959,550,562,431,,87,226,9/20/2006,9/20/2008,62.37,B+
960,865,351,270,,133,714,08-11-2008,08-11-2010,50.49,C+
961,91,974,402,,825,898,4/30/2017,4/30/2022,62.41,A
962,639,287,32,,279,688,09-03-2010,09-03-2014,73.56,B+
963,163,934,,Other Institute Name,429,144,9/20/2016,9/20/2020,95.05,B+
964,921,813,648,,58,8,4/16/2018,4/16/2020,80.49,F
965,426,958,142,,371,888,2/27/2006,2/27/2009,66.85,A+
966,300,465,190,,830,736,12/26/2015,12/26/2017,90.09,C
967,602,494,,Other Institute Name,784,385,03-11-2016,03-11-2019,53.94,A
968,129,250,493,,185,427,03-04-2006,03-04-2011,84.25,C
969,722,215,,Other Institute Name,292,170,7/16/2015,7/16/2017,71.51,D
970,140,545,670,,922,846,12-06-2009,12-06-2011,71.12,D
971,287,203,754,,58,372,1/23/2018,1/23/2022,95.93,C+
972,199,351,438,,455,886,09-11-2015,09-11-2018,60.41,A
973,6,733,540,,725,299,7/19/2005,7/19/2009,66.51,C+
974,55,154,965,,364,94,09-12-2016,09-12-2018,63,A+
975,94,986,747,,687,137,10/30/2019,10/30/2023,89.27,A+
976,430,770,,Other Institute Name,543,310,3/18/2009,3/18/2014,97.13,C
977,616,396,713,,232,809,03-03-2015,03-03-2020,85.64,B
978,619,607,,Other Institute Name,469,541,5/27/2011,5/27/2013,84.75,B
979,677,789,142,,620,883,06-02-2018,06-02-2021,70.9,C
980,859,170,,Other Institute Name,782,989,2/25/2009,2/25/2012,51.08,B
981,679,864,809,,541,152,05-11-2005,05-11-2009,56.83,A
982,445,456,768,,536,796,11-08-2018,11-08-2023,53.13,B
983,956,60,637,,12,87,07-09-2014,07-09-2018,67.5,B+
984,616,67,186,,830,933,12/30/2006,12/30/2011,73.83,A
985,511,755,263,,649,259,9/17/2013,9/17/2017,70.37,C+
986,632,737,209,,896,415,4/19/2018,4/19/2023,75.01,C
987,874,320,196,,267,998,08-05-2017,08-05-2022,63.42,B+
988,187,345,211,,780,536,6/19/2010,6/19/2015,85.26,B
989,98,453,996,,657,533,7/31/2015,7/31/2018,72.16,B
990,760,262,513,,910,122,10/22/2009,10/22/2014,75.22,F
991,472,250,944,,10,85,09-03-2005,09-03-2007,91.58,B
992,779,991,178,,950,340,11/15/2008,11/15/2011,98.24,A
993,100,501,152,,974,139,03-09-2008,03-09-2012,82.2,C
994,402,753,593,,833,746,12-03-2008,12-03-2013,81.09,C+
995,577,525,208,,512,652,12/25/2007,12/25/2012,53.36,C+
996,678,25,,Other Institute Name,634,287,7/23/2010,7/23/2014,66.45,C+
997,480,332,977,,940,157,09-01-2016,09-01-2019,81.31,D
998,537,793,466,,365,62,02-03-2018,02-03-2022,93.63,C+
999,225,56,,Other Institute Name,91,444,8/31/2015,8/31/2019,54.13,A+
1000,747,360,262,,281,288,05-05-2006,05-05-2009,95.5,A
